,count,mean,std,min,25%,50%,75%,max
var_1,25000.0,0.044865,0.0706912550471528,0.0,0.0,0.015625,0.0625,1.0
var_2,25000.0,0.00088,0.01656008965744988,0.0,0.0,0.0,0.0,1.0
var_3,25000.0,0.00036,0.012818791569455229,0.0,0.0,0.0,0.0,1.0
var_4,25000.0,0.0004,0.019996399531909983,0.0,0.0,0.0,0.0,1.0
var_5,25000.0,0.00024,0.012647086540065978,0.0,0.0,0.0,0.0,1.0
var_7,25000.0,0.002975,0.02723607987875433,0.0,0.0,0.0,0.0,1.0
var_8,25000.0,0.00368,0.03408084594258785,0.0,0.0,0.0,0.0,1.0
var_9,25000.0,0.048844337349397575,0.08208812449700409,0.0,0.0180722891566265,0.0180722891566265,0.0240963855421686,1.0
var_10,25000.0,0.10847136383406332,0.009536812107110609,0.0,0.1066326864199355,0.1066326864199355,0.1066326864199355,1.0
var_14,25000.0,0.19667996182730574,0.013098889181339047,0.0,0.1927155915932732,0.19342137542433724,0.1949636319032273,1.0
var_18,25000.0,0.0005312575612052127,0.012256948423828407,0.0,0.0,0.0,0.0,1.0
var_22,25000.0,0.0005519797477372029,0.011599619376981835,0.0,0.0,0.0,0.0,1.0
var_26,25000.0,0.002690459955977108,0.044983607652910894,0.0,0.0004822516351028,0.0005462346175586,0.0006205063208113,1.0
var_30,25000.0,0.003228112384983313,0.03711685801999055,0.0,0.0005095810497196,0.00057195641955085,0.0006428521362921,1.0
var_103,25000.0,0.017609600000000003,0.03384239648949238,0.0,0.0,0.0,0.04,1.0
var_109,25000.0,0.04849333333333332,0.09676945153739278,0.0,0.0,0.0,0.0,1.0
var_110,25000.0,0.00024679881718277604,0.009550353559467399,0.0,0.0,0.0,0.0,1.0
var_111,25000.0,0.0009622925675889247,0.010760654986535225,0.0,0.0,0.0,0.0,1.0
var_112,25000.0,0.005465601793649578,0.01048443474092313,0.0,0.0048113175279191,0.0048113175279191,0.0048113175279191,1.0
var_117,25000.0,0.00937,0.05004800987183891,0.0,0.0,0.0,0.0,1.0
var_118,25000.0,0.0006028517749999999,0.009722610840148553,0.0,0.0,0.0,0.0,1.0
var_119,25000.0,8.489353673656406e-05,0.00672975172223804,0.0,0.0,0.0,0.0,1.0
var_120,25000.0,0.00031283258749999996,0.00809078089511817,0.0,0.0,0.0,0.0,1.0
var_122,25000.0,0.022,0.14668626614113192,0.0,0.0,0.0,0.0,1.0
var_123,25000.0,0.028976000000000005,0.07941186103943762,0.0,0.0,0.0,0.0,1.0
var_124,25000.0,0.0018488142361445723,0.015124916955142485,0.0,0.0,0.0,0.0,1.0
var_125,25000.0,0.00026884264999191396,0.008158998192760282,0.0,0.0,0.0,0.0,1.0
var_126,25000.0,0.007473403172152728,0.01114716988002089,0.0,0.0066994733496146,0.0066994733496146,0.0066994733496146,1.0
var_128,25000.0,0.08176,0.2740042071432869,0.0,0.0,0.0,0.0,1.0
var_129,25000.0,0.03493714285714285,0.07643616219638702,0.0,0.0,0.0,0.0,1.0
var_130,25000.0,0.0030360055325301108,0.020828330207744022,0.0,0.0,0.0,0.0,1.0
var_131,25000.0,7.651469272851171e-05,0.006392488859058205,0.0,0.0,0.0,0.0,1.0
var_132,25000.0,0.007964859329004627,0.01480489228656239,0.0,0.0066994733496146,0.0066994733496146,0.0066994733496146,1.0
var_134,25000.0,0.12984,0.3361340414830872,0.0,0.0,0.0,0.0,1.0
var_168,25000.0,0.0170464,0.0332249364618823,0.0,0.0,0.0,0.04,1.0
var_169,25000.0,0.00214,0.0329463779276682,0.0,0.0,0.0,0.0,1.0
var_170,25000.0,0.00128,0.02604589671233114,0.0,0.0,0.0,0.0,1.0
var_171,25000.0,0.00052,0.01672545334607063,0.0,0.0,0.0,0.0,1.0
var_172,25000.0,0.0004,0.01999639953190998,0.0,0.0,0.0,0.0,1.0
var_174,25000.0,0.0019,0.03234859900017759,0.0,0.0,0.0,0.0,1.0
var_175,25000.0,0.0037333333333333333,0.037998654659214405,0.0,0.0,0.0,0.0,1.0
var_270,25000.0,0.04049420454545449,0.05073715248040989,0.0,0.0113636363636363,0.0255681818181818,0.0482954545454545,1.0
var_271,25000.0,0.003233292765787632,0.022678351912411524,0.0,0.0,0.0,0.0,1.0
var_272,25000.0,0.011199288382387384,0.03579151008164714,0.0,0.0011579856772387,0.003362777385772,0.008199630443833525,1.0
var_273,25000.0,0.07265959032535116,0.024118260510595593,0.0,0.0612779886906262,0.0648686910925374,0.07399750606571505,1.0
var_274,25000.0,0.00967436546231418,0.01805901605934508,0.0,0.001751432920474425,0.00416654458134345,0.010780241708517076,1.0
var_275,25000.0,0.9982401998356437,0.006364427268110244,0.0,0.9982739899500196,0.998284228536017,0.9982944671220144,1.0
var_276,25000.0,0.06566917647058819,0.05992855445164243,0.0,0.0235294117647058,0.0470588235294117,0.0823529411764705,1.0
var_277,25000.0,0.0029250019732189967,0.023899371336322337,0.0,0.0,0.0,0.0,1.0
var_278,25000.0,0.008069700487094144,0.033939321377655075,0.0,0.00045433518536055,0.00186216871744285,0.005326508452270875,1.0
var_279,25000.0,0.07231618088309937,0.024014642199375547,0.0,0.060979929949561376,0.0643216607657258,0.0736629847720906,1.0
var_280,25000.0,0.9937607936428746,0.006336115277027068,0.0,0.99379919564962,0.9938088517166072,0.9938158255427648,1.0
var_281,25000.0,0.1286347239263803,0.11263128899634423,0.0,0.0490797546012269,0.1042944785276073,0.1656441717791411,1.0
var_282,25000.0,0.030056410256410208,0.06173244067240144,0.0,0.0085470085470085,0.0128205128205128,0.0213675213675213,1.0
var_283,25000.0,0.07317487179487175,0.06607870438820794,0.0,0.0299145299145299,0.0555555555555555,0.094017094017094,1.0
var_284,25000.0,0.016323200000000003,0.03637633944314424,0.0,0.0,0.0,0.02,1.0
var_285,25000.0,0.0014332878948831293,0.016161693135622678,0.0,0.0,0.0,0.000491687360833475,1.0
var_286,25000.0,0.001626357618526985,0.021916935519172866,0.0,0.0,0.0,0.0,1.0
var_287,25000.0,0.005877208212085418,0.027556146509281194,0.0,0.0005243151133831,0.0005243151133831,0.0020727241447109253,1.0
var_289,25000.0,0.012554285714285707,0.041226214371161855,0.0,0.0,0.0,0.0,1.0
var_290,25000.0,0.020404724409448755,0.0358953547188145,0.0,0.0,0.0078740157480314,0.0236220472440944,1.0
var_291,25000.0,0.0026093389517705635,0.021713503944690907,0.0,0.0,0.0002405048797859,0.0009122598888432,1.0
var_292,25000.0,0.0009341459093471414,0.012977000956917426,0.0,0.0,0.0,0.0,1.0
var_293,25000.0,0.04313233146401061,0.034981776558970716,0.0,0.0307156044428777,0.0325070951012433,0.0394029360275797,1.0
var_294,25000.0,0.9858174681971135,0.006265416507329413,0.0,0.9858249991206576,0.9859070710860466,0.9859774184849516,1.0
var_295,25000.0,0.38906545454545444,0.041145269291815285,0.0,0.3636363636363636,0.3636363636363636,0.4545454545454545,1.0
var_296,25000.0,0.020542738589211552,0.03564277453105518,0.0,0.0041493775933609,0.0124481327800829,0.0207468879668049,1.0
var_297,25000.0,0.004927054032008707,0.02981543563399653,0.0,0.000110298440514875,0.0006800399875023,0.0022599165428163,1.0
var_298,25000.0,0.0016037201081177037,0.017145316733154815,0.0,0.0,0.0,0.0,1.0
var_299,25000.0,0.03883356420795055,0.044561031467183786,0.0,0.019299351874299348,0.023346357650332702,0.03725111436332472,1.0
var_300,25000.0,0.07460710048694107,0.021514760165626996,0.0,0.0703851261620186,0.0770252324037184,0.0805666223992917,1.0
var_301,25000.0,0.5964125,0.0316150846004399,0.0,0.5625,0.625,0.625,1.0
var_335,25000.0,0.0396738728323699,0.050779222156133036,0.0,0.0115606936416184,0.0260115606936416,0.0462427745664739,1.0
var_336,25000.0,0.006601538461538455,0.026783128221767125,0.0,0.0,0.0,0.0,1.0
var_337,25000.0,0.0010539999999999998,0.01039198747767478,0.0,0.0,0.0,0.0,1.0
var_338,25000.0,0.0016066666666666662,0.019851978564642016,0.0,0.0,0.0,0.0,1.0
var_339,25000.0,0.00143,0.021341820890747754,0.0,0.0,0.0,0.0,1.0
var_341,25000.0,0.0102112,0.03191332218628012,0.0,0.0,0.0,0.0,1.0
var_342,25000.0,0.010826153846153838,0.03388546793658771,0.0,0.0,0.0,0.0,1.0
var_343,25000.0,0.015193962264150889,0.03620329642355097,0.0,0.0047169811320754,0.0094339622641509,0.0094339622641509,1.0
var_344,25000.0,0.0058520023175519876,0.015058309646532908,0.0,0.0030276904973012,0.0030276904973012,0.003933995529968376,1.0
var_346,25000.0,0.011763565099339101,0.03141331538137669,0.0,0.0040663849487659245,0.00501668032111065,0.00640480041550035,1.0
var_347,25000.0,0.037365028741047836,0.028796168329323888,0.0,0.0292929154654088,0.0304114541416652,0.032647775402145404,1.0
var_348,25000.0,0.02718333200873077,0.015073205035221027,0.0,0.0216720164344867,0.0234396867175964,0.027602755665404075,1.0
var_350,25000.0,0.022208407714526448,0.026674369641857508,0.0,0.0153174727245068,0.0163011154309444,0.017901909264315424,1.0
var_351,25000.0,0.03842350688537195,0.024006501190792222,0.0,0.0301443944769307,0.0317315112417355,0.035332459237884674,1.0
var_352,25000.0,0.0008105638150820081,0.014702641970672196,0.0,0.0,0.0,0.0,1.0
var_354,25000.0,0.000401053290234752,0.01055535372718581,0.0,0.0,0.0,0.0,1.0
var_355,25000.0,0.00034145836646164114,0.00875327732888753,0.0,0.0,0.0,0.0,1.0
var_356,25000.0,0.0012295142900695828,0.01301550625297492,0.0,0.0,0.0,0.0,1.0
var_358,25000.0,0.0008975577952640519,0.014479052172627677,0.0,0.0,0.0,0.0,1.0
var_359,25000.0,0.0008812780000000001,0.012385832434459938,0.0,0.0,0.0,0.0,1.0
var_360,25000.0,0.001991084397733607,0.01683388883283307,0.0,0.0003536426251413,0.0007876980337611,0.0016075804722651,1.0
var_362,25000.0,0.003697164159755491,0.04079780415300787,0.0,0.0004500993826124,0.0006430128975545,0.001028277263020125,1.0
var_363,25000.0,0.0032843006840069704,0.03245361731225307,0.0,0.0003857948776317,0.0007073174025352,0.0013181780475994,1.0
var_364,25000.0,0.00384092277303212,0.017575541863810027,0.0,0.00062916735576025,0.0013777222517785,0.002981948736750225,1.0
var_366,25000.0,0.004062626547085957,0.03492849771223428,0.0,0.0005221204281908,0.0007926494806446,0.0011853490544986751,1.0
var_367,25000.0,0.0047174067445491345,0.03082506259048771,0.0,0.0005396183982343,0.0010002982197806,0.0019593172427489,1.0
var_368,25000.0,0.04626884447500362,0.022042304979244313,0.0,0.0391089191646652,0.04103855712666475,0.04470394296517575,1.0
var_370,25000.0,0.012737203337796502,0.032542413866853276,0.0,0.0047686777023337,0.0056861648204975,0.007122006011877575,1.0
var_371,25000.0,0.03941243050957096,0.0319894213465235,0.0,0.0302916334516763,0.0315406576950112,0.0341907204745265,1.0
var_372,25000.0,0.04906933597119497,0.02105258343762005,0.0,0.04010627652045065,0.0433170711095337,0.04977330744873752,1.0
var_374,25000.0,0.02287118135577953,0.02734071737568838,0.0,0.0158008471500551,0.016807607763801552,0.018403632518392,1.0
var_375,25000.0,0.03994599275679746,0.02686500470632096,0.0,0.030784207513676498,0.0326506007986878,0.036603569327431404,1.0
var_376,25000.0,0.000855846178893148,0.013953272291693124,0.0,0.0,0.0,0.0,1.0
var_378,25000.0,0.0005208723494525673,0.011160394225159461,0.0,0.0,0.0,0.0,1.0
var_379,25000.0,0.0005138502833663007,0.009530631787565507,0.0,0.0,0.0,0.0,1.0
var_380,25000.0,0.0009753537804573198,0.011919932196127461,0.0,0.0,0.0,0.0,1.0
var_382,25000.0,0.0010570726019620148,0.015095792631079347,0.0,0.0,0.0,0.0,1.0
var_383,25000.0,0.0010888751999999999,0.013034750446387262,0.0,0.0,0.0,0.0,1.0
var_384,25000.0,0.0029627173913462394,0.024414493802945882,0.0,0.0005944629962941,0.0011252966849098,0.0021541687646011,1.0
var_386,25000.0,0.004195689060710489,0.04442978372671831,0.0,0.0005301584913134,0.0008037741600063,0.00113032047436145,1.0
var_387,25000.0,0.004077649191917392,0.03886243855933849,0.0,0.0005144038875931,0.000961320197209,0.0016075804722651,1.0
var_388,25000.0,0.005161676525190271,0.026311974755123334,0.0,0.0007764206312000751,0.0016850674007668,0.00344903642914505,1.0
var_390,25000.0,0.004350562304313313,0.03683400660362944,0.0,0.000593522542908775,0.000868078664987,0.0012703837242725251,1.0
var_391,25000.0,0.005424722333473419,0.03501603106855546,0.0,0.0006641533845952,0.0011709277557599,0.0021917825506226,1.0
var_437,25000.0,0.007323928571428554,0.016139171257795272,0.0,0.0,0.0044642857142857,0.0089285714285714,1.0
var_443,25000.0,0.026308333333333316,0.049365244936613664,0.0,0.0,0.0,0.0416666666666666,1.0
var_444,25000.0,0.00033453142092282085,0.010090227919002746,0.0,0.0,0.0,0.0,1.0
var_445,25000.0,0.007119728637037019,0.025656511103392267,0.0,0.0,0.0,0.001469521604938225,1.0
var_446,25000.0,0.04302510265344972,0.022000107753974492,0.0,0.0371010590899208,0.0371010590899208,0.038122707890166474,1.0
var_451,25000.0,0.0026357894736842094,0.017320214236535757,0.0,0.0,0.0,0.0,1.0
var_452,25000.0,0.00021077332913023038,0.006729450598950301,0.0,0.0,0.0,0.0,1.0
var_453,25000.0,4.922082191780822e-05,0.006399727472657184,0.0,0.0,0.0,0.0,1.0
var_454,25000.0,0.0008665043147300989,0.011823585362970722,0.0,0.0,0.0,0.0,1.0
var_456,25000.0,0.02228,0.14759564010809792,0.0,0.0,0.0,0.0,1.0
var_457,25000.0,0.005325882352941171,0.021555262486988587,0.0,0.0,0.0,0.0,1.0
var_458,25000.0,0.0006002937083560635,0.007415090677900377,0.0,0.0,0.0,0.0,1.0
var_459,25000.0,0.00014135616438356157,0.007526040772939874,0.0,0.0,0.0,0.0,1.0
var_460,25000.0,0.0028094958696966792,0.01955742378899391,0.0,1.7383046406329625e-05,1.7383046406329625e-05,1.7383046406329625e-05,1.0
var_462,25000.0,0.07664,0.2660247002923725,0.0,0.0,0.0,0.0,1.0
var_463,25000.0,0.010291111111111096,0.03173380765128238,0.0,0.0,0.0,0.0,1.0
var_464,25000.0,0.001309438175366579,0.009246041822590192,0.0,0.0,0.0,0.0,1.0
var_465,25000.0,0.0003080891233787224,0.011338307618856944,0.0,0.0,0.0,0.0,1.0
var_466,25000.0,0.004336376330216544,0.02211565550628998,0.0,0.0002799904182137,0.0002799904182137,0.0002799904182137,1.0
var_468,25000.0,0.0747,0.17830081785360913,0.0,0.0,0.0,0.0,1.0
var_502,25000.0,0.007125178571428555,0.015970771246941518,0.0,0.0,0.0044642857142857,0.0089285714285714,1.0
var_503,25000.0,0.00317,0.03134470289564067,0.0,0.0,0.0,0.0,1.0
var_504,25000.0,0.00094,0.02300299036000798,0.0,0.0,0.0,0.0,1.0
var_505,25000.0,0.00082,0.021664403381006236,0.0,0.0,0.0,0.0,1.0
var_506,25000.0,0.00038,0.015161292642508543,0.0,0.0,0.0,0.0,1.0
var_508,25000.0,0.00214,0.01868647552040499,0.0,0.0,0.0,0.0,1.0
var_509,25000.0,0.00665,0.04547922860393937,0.0,0.0,0.0,0.0,1.0
var_604,25000.0,0.0044275,0.02425674193561809,0.0,0.0,0.0,0.0,1.0
var_610,25000.0,0.004248888888888889,0.02573843952265041,0.0,0.0,0.0,0.0,1.0
var_611,25000.0,6.688466378379006e-05,0.006443273119741344,0.0,0.0,0.0,0.0,1.0
var_612,25000.0,0.0005038488728777973,0.009330384456901913,0.0,0.0,0.0,0.0,1.0
var_613,25000.0,0.0005785644781202559,0.01078612768988141,0.0,1.4551174615587816e-05,1.4551174615587816e-05,1.4551174615587816e-05,1.0
var_618,25000.0,0.00156,0.03946680510439381,0.0,0.0,0.0,0.0,1.0
var_619,25000.0,0.000128851176,0.007486440073343957,0.0,0.0,0.0,0.0,1.0
var_621,25000.0,0.000132624891968355,0.007672175018925909,0.0,0.0,0.0,0.0,1.0
var_623,25000.0,0.00096,0.030969610340954995,0.0,0.0,0.0,0.0,1.0
var_624,25000.0,0.0039,0.04642064406110498,0.0,0.0,0.0,0.0,1.0
var_625,25000.0,0.000338432112,0.011402901445386176,0.0,0.0,0.0,0.0,1.0
var_626,25000.0,0.00030526389130813446,0.012776073561398642,0.0,0.0,0.0,0.0,1.0
var_627,25000.0,0.00032856768179841117,0.011614901794900165,0.0,0.0,0.0,0.0,1.0
var_629,25000.0,0.0036,0.05989310049863416,0.0,0.0,0.0,0.0,1.0
var_630,25000.0,0.0062,0.04836766848869169,0.0,0.0,0.0,0.0,1.0
var_631,25000.0,0.00044548428166742626,0.01158693522675662,0.0,0.0,0.0,0.0,1.0
var_632,25000.0,0.00028986454771005144,0.009840150394757732,0.0,0.0,0.0,0.0,1.0
var_633,25000.0,0.00040786822324650037,0.011041278844969514,0.0,0.0,0.0,0.0,1.0
var_635,25000.0,0.009,0.09444234629799797,0.0,0.0,0.0,0.0,1.0
var_669,25000.0,0.004659999999999998,0.02629785864319027,0.0,0.0,0.0,0.0,1.0
var_670,25000.0,0.00096,0.022340509482430285,0.0,0.0,0.0,0.0,1.0
var_672,25000.0,4e-05,0.00632455532033676,0.0,0.0,0.0,0.0,1.0
var_673,25000.0,4e-05,0.006324555320336759,0.0,0.0,0.0,0.0,1.0
var_675,25000.0,0.0009733333333333331,0.019640130301951157,0.0,0.0,0.0,0.0,1.0
var_676,25000.0,0.00306,0.039758013380765386,0.0,0.0,0.0,0.0,1.0
var_771,25000.0,0.00010362790697674375,0.0064604312514908386,0.0,0.0,0.0,0.0,1.0
var_777,25000.0,0.00068,0.015216663953523942,0.0,0.0,0.0,0.0,1.0
var_778,25000.0,5.8540526891675775e-05,0.006621630049318399,0.0,0.0,0.0,0.0,1.0
var_779,25000.0,0.00022436536144578302,0.009586773060615195,0.0,0.0,0.0,0.0,1.0
var_780,25000.0,0.6704919544604332,0.005586046085203225,0.0,0.6704293718115257,0.6704293718115257,0.6704293718115257,1.0
var_785,25000.0,0.00012,0.01095401294576488,0.0,0.0,0.0,0.0,1.0
var_786,25000.0,5.2830769230769225e-05,0.006617611586241204,0.0,0.0,0.0,0.0,1.0
var_788,25000.0,5.278945199835188e-05,0.006615881161364203,0.0,0.0,0.0,0.0,1.0
var_791,25000.0,0.00028,0.011734772514762131,0.0,0.0,0.0,0.0,1.0
var_792,25000.0,9.671947999999999e-05,0.006998117127533788,0.0,0.0,0.0,0.0,1.0
var_793,25000.0,4e-05,0.00632455532033676,0.0,0.0,0.0,0.0,1.0
var_794,25000.0,0.000100969426596087,0.007116808924647337,0.0,0.0,0.0,0.0,1.0
var_796,25000.0,0.0006,0.024488037621652383,0.0,0.0,0.0,0.0,1.0
var_797,25000.0,0.000424,0.01283069791836605,0.0,0.0,0.0,0.0,1.0
var_798,25000.0,0.00021318849230769223,0.009746256219165425,0.0,0.0,0.0,0.0,1.0
var_799,25000.0,4.710377914316976e-05,0.006402856158472975,0.0,0.0,0.0,0.0,1.0
var_800,25000.0,0.00012584160268477726,0.008221679642250599,0.0,0.0,0.0,0.0,1.0
var_802,25000.0,0.00092,0.030318152443951862,0.0,0.0,0.0,0.0,1.0
var_836,25000.0,0.00010269767441860422,0.00645997726954995,0.0,0.0,0.0,0.0,1.0
var_837,25000.0,8e-05,0.00894409301561622,0.0,0.0,0.0,0.0,1.0
var_839,25000.0,4e-05,0.006324555320336759,0.0,0.0,0.0,0.0,1.0
var_842,25000.0,4e-05,0.00632455532033676,0.0,0.0,0.0,0.0,1.0
var_843,25000.0,9.333333333333332e-05,0.0076007484843117635,0.0,0.0,0.0,0.0,1.0
var_938,25000.0,0.02106778761061942,0.02252355312724897,0.0,0.0088495575221238,0.0132743362831858,0.0265486725663716,1.0
var_939,25000.0,0.0017751082116195189,0.01630753368843901,0.0,0.0,0.0,0.0,1.0
var_940,25000.0,0.0075461130082858895,0.016796113600413616,0.0,0.00100525041491515,0.0027909189961189997,0.00682241837823475,1.0
var_941,25000.0,0.07168841837225552,0.030969789229673448,0.0,0.05961491008969185,0.0625166465430684,0.07022503963735414,1.0
var_942,25000.0,0.013554165639269321,0.031680506170177064,0.0,0.0020822221806368,0.0045976245960516,0.0117404826320086,1.0
var_943,25000.0,0.9459927596772546,0.0063655967331838256,0.0,0.9460361556531508,0.9460463691144928,0.946056071902768,1.0
var_944,25000.0,0.08527294117647055,0.08451994401638564,0.0,0.0294117647058823,0.0588235294117647,0.1176470588235294,1.0
var_945,25000.0,0.0011426129363096668,0.015519711796038616,0.0,0.0,0.0,0.0,1.0
var_946,25000.0,0.013089864410804973,0.02968003486626451,0.0,0.0005873954430237,0.0033246582075144,0.012689674100320424,1.0
var_947,25000.0,0.07093420941898959,0.030988013832666056,0.0,0.05861566638945695,0.0608875588044191,0.06992956573556773,1.0
var_948,25000.0,0.9459999476662242,0.006368049058389096,0.0,0.9460509651720967,0.9460591359411704,0.9460652640179756,1.0
var_949,25000.0,0.1314806134969325,0.110292509450735,0.0,0.0644171779141104,0.107361963190184,0.1595092024539877,1.0
var_950,25000.0,0.035643067484662526,0.05706779421100874,0.0,0.0122699386503067,0.0184049079754601,0.0306748466257668,1.0
var_951,25000.0,0.05942632478632473,0.06349369363841904,0.0,0.0256410256410256,0.0427350427350427,0.0683760683760683,1.0
var_952,25000.0,0.02502857142857142,0.06949885140396925,0.0,0.0,0.0,0.0,1.0
var_953,25000.0,0.0014337294199374398,0.012377160388166698,0.0,0.0,0.0,0.0,1.0
var_954,25000.0,0.0009558847526772056,0.02142941747951102,0.0,0.0,0.0,0.0,1.0
var_955,25000.0,0.0025940605330892976,0.011479997947642245,0.0,0.0013188780790065,0.0013188780790065,0.0013188780790065,1.0
var_957,25000.0,0.51184,0.053337868321933206,0.0,0.5,0.5,0.5,1.0
var_958,25000.0,0.04779076923076921,0.07812796454008893,0.0,0.0,0.0,0.0769230769230769,1.0
var_959,25000.0,0.004754313827573255,0.020287939519409798,0.0,0.0,0.0,0.0015083917317095,1.0
var_960,25000.0,0.0016490688424273324,0.025675391277273082,0.0,0.0,0.0,0.0,1.0
var_961,25000.0,0.017569777042643783,0.018463805038769807,0.0,0.0133953897974641,0.0133953897974641,0.01414349650889545,1.0
var_963,25000.0,0.36145999999999995,0.06288564511835953,0.0,0.3333333333333333,0.3333333333333333,0.3333333333333333,1.0
var_964,25000.0,0.08063,0.0978637378830775,0.0,0.0,0.0625,0.125,1.0
var_965,25000.0,0.00892537312884722,0.028485143059763515,0.0,0.0,0.000758855140681,0.0052052175461243,1.0
var_966,25000.0,0.0018848161616161607,0.022518138557579684,0.0,0.0,0.0,0.0,1.0
var_967,25000.0,0.021570760970077478,0.027769268724884468,0.0,0.0133902878196471,0.01347028117314385,0.017527560291073874,1.0
var_968,25000.0,0.722035407209613,0.03739519184516144,0.0,0.7313084112149533,0.7343124165554072,0.7383177570093458,1.0
var_969,25000.0,0.26387200000000005,0.09372683182931231,0.0,0.2,0.2,0.4,1.0
var_1003,25000.0,0.01985557522123889,0.0221518950072074,0.0,0.0044247787610619,0.0132743362831858,0.0265486725663716,1.0
var_1004,25000.0,0.010944,0.051926262309824486,0.0,0.0,0.0,0.0,1.0
var_1005,25000.0,0.0016,0.019775126857385493,0.0,0.0,0.0,0.0,1.0
var_1006,25000.0,0.00186,0.031726655405613265,0.0,0.0,0.0,0.0,1.0
var_1007,25000.0,0.00106,0.023428579895807548,0.0,0.0,0.0,0.0,1.0
var_1009,25000.0,0.014552727272727271,0.04962556601276159,0.0,0.0,0.0,0.0,1.0
var_1010,25000.0,0.020087999999999998,0.07041498836770103,0.0,0.0,0.0,0.0,1.0
var_1011,25000.0,0.01892702702702702,0.04437973525813596,0.0,0.0045045045045045,0.009009009009009,0.0135135135135135,1.0
var_1012,25000.0,0.00663156863487137,0.02100682561649058,0.0,0.0019140211234474,0.0025473142356802,0.0047373989708762,1.0
var_1015,25000.0,0.006036175030321252,0.017378098826710642,0.0,0.0020080820427245,0.0023289135001763,0.002732203040756825,1.0
var_1016,25000.0,0.040537506138980335,0.018702730780244894,0.0,0.0340496281292008,0.0359857254110265,0.039920839336567426,1.0
var_1019,25000.0,0.023598846449404437,0.02779013759597521,0.0,0.016541785086839823,0.0173457336255337,0.01825988828894005,1.0
var_1020,25000.0,0.0014474948591836267,0.017816318418384505,0.0,0.0,0.0,0.0,1.0
var_1024,25000.0,0.0017832180525353528,0.016991855742959448,0.0,0.0,0.0,0.0,1.0
var_1028,25000.0,0.011398926854796699,0.026769287670046767,0.0,0.0034312748462034,0.00569823585276815,0.009803824490571,1.0
var_1031,25000.0,0.006295362817874355,0.01842369834744737,0.0,0.0019999524761882,0.0023809048752811,0.0027618572743741,1.0
var_1032,25000.0,0.014095963785878757,0.02470244279982169,0.0,0.0040447062788927,0.0078007850785083,0.0147057857554691,1.0
var_1035,25000.0,0.011809248839567871,0.030306244447726137,0.0,0.0042536235887091,0.0049561457703882,0.0061111195286203,1.0
var_1036,25000.0,0.03284608734831271,0.02968521824897674,0.0,0.024571634297910025,0.0264441574633575,0.0295193812200094,1.0
var_1039,25000.0,0.00653340734681381,0.018029292598552803,0.0,0.002322297677227675,0.0026319948964199,0.00300836570811855,1.0
var_1040,25000.0,0.04472554932173503,0.027312450889785782,0.0,0.03515284000822193,0.0378408333148371,0.04313780884287237,1.0
var_1043,25000.0,0.024270889787799406,0.028767909241154275,0.0,0.017077485935632623,0.0177107505186651,0.018485628569839475,1.0
var_1044,25000.0,0.0006800365367465751,0.011747853761886239,0.0,0.0,0.0,0.0,1.0
var_1048,25000.0,0.0010591239405977721,0.015064797647819409,0.0,0.0,0.0,0.0,1.0
var_1052,25000.0,0.013226247163552652,0.03320737376311953,0.0,0.003500238020558825,0.0057044120274208,0.0095074167624469,1.0
var_1055,25000.0,0.0064417661067507,0.01888265500905606,0.0,0.0022380477256213,0.0023809048752811,0.0027618572743741,1.0
var_1056,25000.0,0.01559328804640073,0.030981302494421225,0.0,0.00414963275976785,0.0077940203719627,0.01457407005628135,1.0
var_1059,25000.0,0.012074614962790747,0.030808019001064474,0.0,0.0046112370234553,0.0051288354158512,0.0059758146034081,1.0
var_1105,25000.0,0.03136113636363631,0.04908384659954231,0.0,0.0056818181818181,0.0170454545454545,0.034090909090909,1.0
var_1106,25000.0,0.0007712346439993263,0.009368860231742292,0.0,0.0,0.0,0.0,1.0
var_1107,25000.0,0.009482730744872155,0.03694986530736232,0.0,0.0007560716871918,0.0018691742256696001,0.00456065218638495,1.0
var_1108,25000.0,0.05068631277770377,0.022654321937820583,0.0,0.0447106989352192,0.045517158087832,0.0477367478710943,1.0
var_1109,25000.0,0.01198562552503725,0.03250466016863462,0.0,0.001848828909802225,0.0031911161485319,0.0064955467290543,1.0
var_1110,25000.0,0.12983054899235577,0.02721540750796545,0.0,0.1118832522585128,0.1264767199444058,0.1417651146629603,1.0
var_1111,25000.0,0.03942142857142855,0.04617892576939113,0.0,0.0119047619047619,0.0238095238095238,0.0476190476190476,1.0
var_1112,25000.0,0.0005035193410978971,0.008384800053495746,0.0,0.0,0.0,0.0,1.0
var_1113,25000.0,0.007230006949295512,0.035361076098463895,0.0,7.671286828090831e-05,0.0006380137561234,0.0023545048365709253,1.0
var_1114,25000.0,0.050532295751368445,0.022649244723594725,0.0,0.04448630563671125,0.0452020292007783,0.04770062320229683,1.0
var_1115,25000.0,0.02418090311266982,0.008358421522021656,0.0,0.0226874177992108,0.0245506356861025,0.0258658483121437,1.0
var_1116,25000.0,0.09899620553359681,0.0915182891973713,0.0,0.0434782608695652,0.075098814229249,0.1264822134387351,1.0
var_1117,25000.0,0.030457962962962902,0.056394382388756895,0.0,0.0092592592592592,0.0138888888888888,0.0231481481481481,1.0
var_1118,25000.0,0.03510685185185179,0.03652387180012082,0.0,0.0185185185185185,0.0277777777777777,0.037037037037037,1.0
var_1119,25000.0,0.01382,0.035334537511925175,0.0,0.0,0.0,0.02,1.0
var_1120,25000.0,0.00031681356891202176,0.007536372893387694,0.0,0.0,0.0,4.3929333999780286e-05,1.0
var_1121,25000.0,0.0006564005479452051,0.011705424260194833,0.0,0.0,0.0,0.0,1.0
var_1122,25000.0,0.002714535277300572,0.019371349667946014,0.0,0.0001531685108538,0.0001531685108538,0.00043132881818885003,1.0
var_1124,25000.0,0.05266,0.15355086295654802,0.0,0.0,0.0,0.0,1.0
var_1125,25000.0,0.016937007874015694,0.03505997096928871,0.0,0.0,0.0078740157480314,0.0157480314960629,1.0
var_1126,25000.0,0.0022777684030564405,0.02210178993442093,0.0,0.0,7.041019962917376e-05,0.000499297964981225,1.0
var_1127,25000.0,0.0008219036232647153,0.012859334456978663,0.0,0.0,0.0,0.0,1.0
var_1128,25000.0,0.0071547422196497155,0.023087157291041625,0.0,0.0020313946235078,0.0022185005782944496,0.0049333869428047,1.0
var_1129,25000.0,0.11169302816901401,0.03425883987793977,0.0,0.1115023474178403,0.1126760563380281,0.113262910798122,1.0
var_1130,25000.0,0.4314,0.15198489537049817,0.0,0.3333333333333333,0.3333333333333333,0.6666666666666666,1.0
var_1131,25000.0,0.016725311203319444,0.03512501383030405,0.0,0.0,0.0082987551867219,0.0165975103734439,1.0
var_1132,25000.0,0.004313887962588128,0.02988883629379712,0.0,0.0,0.0002818631469701,0.00118318901188565,1.0
var_1133,25000.0,0.0014324000437756922,0.01719393945863063,0.0,0.0,0.0,0.0,1.0
var_1134,25000.0,0.009137714737087722,0.01703330446811784,0.0,0.0052035333242604,0.00560816124468295,0.007480143375747675,1.0
var_1135,25000.0,0.13065314162473038,0.03741504760996901,0.0,0.1272465851905104,0.1329978432782171,0.1373112868439971,1.0
var_1136,25000.0,0.48134666666666664,0.16570333703289186,0.0,0.3333333333333333,0.3333333333333333,0.6666666666666666,1.0
var_1170,25000.0,0.030801965317919035,0.04920796002680315,0.0,0.0057803468208092,0.0144508670520231,0.0346820809248554,1.0
var_1171,25000.0,0.004979999999999997,0.024504895261661903,0.0,0.0,0.0,0.0,1.0
var_1172,25000.0,0.0007480000000000001,0.009425712162059188,0.0,0.0,0.0,0.0,1.0
var_1173,25000.0,0.0012599999999999996,0.0181837248146838,0.0,0.0,0.0,0.0,1.0
var_1174,25000.0,0.00109,0.01926984050453254,0.0,0.0,0.0,0.0,1.0
var_1176,25000.0,0.004656666666666663,0.02061887525137528,0.0,0.0,0.0,0.0,1.0
var_1177,25000.0,0.007981538461538453,0.0309571512241515,0.0,0.0,0.0,0.0,1.0
var_1178,25000.0,0.02053698113207542,0.04504731437737721,0.0,0.0047169811320754,0.0094339622641509,0.0094339622641509,1.0
var_1179,25000.0,0.006026251678906151,0.02130078114410376,0.0,0.0030709060998005,0.0030709060998005,0.003249819578677125,1.0
var_1181,25000.0,0.007161400749587772,0.02118323133766263,0.0,0.003713592623414925,0.0039045855829282997,0.0041687024393722,1.0
var_1182,25000.0,0.02368608269277217,0.028067503880554033,0.0,0.01859203127340165,0.0190821405860838,0.01980300822933825,1.0
var_1183,25000.0,0.014538013695795243,0.031068559143442524,0.0,0.006842845308262075,0.007800162192155,0.010339022346043501,1.0
var_1185,25000.0,0.01114867834856392,0.02854830791293883,0.0,0.006238617819843275,0.0065864066579634,0.007016277741514325,1.0
var_1186,25000.0,0.032252673275772914,0.03118536106985021,0.0,0.025826425379055627,0.026548800807573,0.027801029863470425,1.0
var_1187,25000.0,0.0007389971665797366,0.014860336548095406,0.0,0.0,0.0,0.0,1.0
var_1189,25000.0,0.0003867816776091878,0.010549807047734717,0.0,0.0,0.0,0.0,1.0
var_1190,25000.0,0.0004142895488401372,0.010777382477190109,0.0,0.0,0.0,0.0,1.0
var_1191,25000.0,0.0009739728097914851,0.012633162028979425,0.0,0.0,0.0,0.0,1.0
var_1193,25000.0,0.0008341852500747794,0.015022070956024062,0.0,0.0,0.0,0.0,1.0
var_1194,25000.0,0.0006039064477760007,0.011037601647677872,0.0,0.0,0.0,0.0,1.0
var_1195,25000.0,0.002949237068203242,0.030475896550498947,0.0,0.000321490372651,0.0006426913750296,0.0012539056948712,1.0
var_1197,25000.0,0.003898923653190319,0.04707772519008239,0.0,0.0004822516351028,0.00055118606444205,0.0006430128975545,1.0
var_1198,25000.0,0.004425589886444636,0.046597924396441906,0.0,0.0003761492018846,0.000594784518819,0.000964535422458,1.0
var_1199,25000.0,0.004802959421928178,0.02732504838232129,0.0,0.000513849261237675,0.0010033753434664,0.0020094836283945,1.0
var_1201,25000.0,0.004088766185604627,0.04047336528886353,0.0,0.0005466043684621751,0.00063978159617925,0.0007274125603417,1.0
var_1202,25000.0,0.005181463751872017,0.03921506414949888,0.0,0.0005062050632081,0.0007700142948914,0.0011695703365890001,1.0
var_1203,25000.0,0.016291554730107814,0.024330550917092117,0.0,0.011056438854805926,0.0117010721535688,0.01306561209092055,1.0
var_1205,25000.0,0.00776907112519412,0.0215072332624252,0.0,0.00432112286341185,0.0044319996934687,0.0046047821133262,1.0
var_1206,25000.0,0.024948185887534526,0.029586124080232534,0.0,0.0193949956304175,0.0198992751989761,0.02081459304386675,1.0
var_1207,25000.0,0.03547390841788896,0.037194320945858464,0.0,0.0248384146125587,0.0264986517653859,0.029840657915318324,1.0
var_1209,25000.0,0.01187018619451691,0.029041690328213916,0.0,0.0070159921671018,0.007199412532637,0.0074691579634464,1.0
var_1210,25000.0,0.033550836561055446,0.03277668248107549,0.0,0.026608269640162927,0.0274715930374164,0.02875834135820795,1.0
var_1211,25000.0,0.0002098613553656666,0.006964303981929262,0.0,0.0,0.0,0.0,1.0
var_1213,25000.0,0.000494254885981056,0.011112844858644465,0.0,0.0,0.0,0.0,1.0
var_1214,25000.0,0.0006129293905875301,0.011856242299511394,0.0,0.0,0.0,0.0,1.0
var_1215,25000.0,0.0003623313665364577,0.007821827038970745,0.0,0.0,0.0,0.0,1.0
var_1217,25000.0,0.0009807207086215191,0.015612047434366729,0.0,0.0,0.0,0.0,1.0
var_1218,25000.0,0.0007447625892874149,0.011469358730669212,0.0,0.0,0.0,0.0,1.0
var_1219,25000.0,0.005600094251112906,0.046862988988239485,0.0,0.0005497713653325,0.0010609921799291,0.0018647984921879,1.0
var_1221,25000.0,0.004333110676412607,0.05019375142125229,0.0,0.0006307950416082,0.0006430128975545,0.0007359650595041,1.0
var_1222,25000.0,0.005525364055453597,0.05411368419683386,0.0,0.0005465561400835,0.0008037741600063,0.0011252966849098,1.0
var_1223,25000.0,0.007302985191315513,0.040919490197160305,0.0,0.0007122366971662249,0.0013157666286627,0.0024186210413342,1.0
var_1225,25000.0,0.004432240892392129,0.04325257698854112,0.0,0.0006430128975545,0.0007072209457777,0.00078283500557195,1.0
var_1226,25000.0,0.006056111891124712,0.04475876429009668,0.0,0.0006430128975545,0.00092984314202095,0.0012860579473616,1.0
var_1272,25000.0,0.016409204545454505,0.04345840345595798,0.0,0.0,0.002840909090909,0.0113636363636363,1.0
var_1273,25000.0,0.0036986596500547795,0.022498380425099464,0.0,0.0,0.0,0.0,1.0
var_1274,25000.0,0.0316341921959225,0.05466655757774936,0.0,0.0164707479981563,0.0182028151415616,0.019842044214222174,1.0
var_1275,25000.0,0.2764058944714097,0.0265881814163665,0.0,0.267490999948647,0.2691825491970342,0.2711454723499652,1.0
var_1276,25000.0,0.08123456638630618,0.02081991100386013,0.0,0.07506609189135477,0.075818485374973,0.0771536506228751,1.0
var_1277,25000.0,0.0001547144742748415,0.010302670613019139,0.0,2.159698661647022e-05,2.1750519696682092e-05,2.190405277689397e-05,1.0
var_1278,25000.0,0.015394146341463404,0.035809689968168995,0.0,0.0,0.0,0.0121951219512195,1.0
var_1279,25000.0,0.003626705606789691,0.022656179622207066,0.0,0.0,0.0,0.0,1.0
var_1280,25000.0,0.03988241893920374,0.07931010893201576,0.0,0.0,0.0,0.0512313453863611,1.0
var_1281,25000.0,0.273565846730852,0.0270522557022994,0.0,0.2634425262829832,0.2634425262829832,0.2708900355752153,1.0
var_1286,25000.0,0.01046166666666666,0.034651200923651114,0.0,0.0,0.0,0.0,1.0
var_1287,25000.0,0.004589195654743836,0.01605723043567253,0.0,0.0,0.0,0.0,1.0
var_1288,25000.0,0.0013194426001391505,0.01839817614167943,0.0,0.0,0.0,0.0,1.0
var_1289,25000.0,0.015813852473799163,0.0502464469061047,0.0,0.0,0.0,0.0,1.0
var_1291,25000.0,0.132,0.3384975379871011,0.0,0.0,0.0,0.0,1.0
var_1292,25000.0,0.01127275590551178,0.03327112323017009,0.0,0.0,0.0,0.0078740157480314,1.0
var_1293,25000.0,0.011013203682127392,0.032710567933606424,0.0,0.0,0.0,0.0067768453225467,1.0
var_1294,25000.0,0.0016772355126081701,0.015020821268624113,0.0,0.0,0.0,0.0,1.0
var_1295,25000.0,0.01347156829907626,0.031632163894634066,0.0,0.0020751851543646,0.0020751851543646,0.0048056919364234,1.0
var_1297,25000.0,0.02342545454545454,0.04021521084228338,0.0,0.0,0.0,0.0909090909090909,1.0
var_1298,25000.0,0.010900580912863039,0.03354031881038127,0.0,0.0,0.0,0.0082987551867219,1.0
var_1299,25000.0,0.018790642333025354,0.05584043125302973,0.0,0.0,0.0,0.0149214942881763,1.0
var_1300,25000.0,0.002468064329605925,0.019068022044215906,0.0,0.0,0.0,0.0,1.0
var_1301,25000.0,0.015298552779395808,0.036474560515923904,0.0,0.0020751851543646,0.0020751851543646,0.0079002662894233,1.0
var_1303,25000.0,0.027218181818181815,0.04207119180118946,0.0,0.0,0.0,0.0909090909090909,1.0
var_1337,25000.0,0.016275722543352574,0.04339320554230538,0.0,0.0,0.0028901734104046,0.0115606936416184,1.0
var_1338,25000.0,0.0032399999999999972,0.02295215847305038,0.0,0.0,0.0,0.0,1.0
var_1339,25000.0,0.0005059999999999999,0.008834426177371981,0.0,0.0,0.0,0.0,1.0
var_1340,25000.0,0.0008599999999999999,0.016136354185136325,0.0,0.0,0.0,0.0,1.0
var_1341,25000.0,0.00092,0.020956411115615046,0.0,0.0,0.0,0.0,1.0
var_1343,25000.0,0.001544347826086956,0.01538069736038963,0.0,0.0,0.0,0.0,1.0
var_1344,25000.0,0.005066153846153843,0.028806441373969364,0.0,0.0,0.0,0.0,1.0
var_1346,25000.0,0.12843564571867397,0.02304392868320386,0.0,0.1234566321088783,0.1234566321088783,0.1234566321088783,1.0
var_1350,25000.0,0.2086244771903471,0.019020415923388483,0.0,0.20413884172027558,0.20459091205956303,0.2051113542108872,1.0
var_1354,25000.0,0.0005391103315409601,0.009145017777654453,0.0,0.0,0.0,0.0,1.0
var_1358,25000.0,0.0007256516279916766,0.008555915615577774,0.0,0.0,0.0,0.0,1.0
var_1362,25000.0,0.2757309060362414,0.18970123143234596,0.0,0.2088783551342053,0.2399695987839513,0.2599703988159526,1.0
var_1366,25000.0,0.27939143485739426,0.1648288626771964,0.0,0.2399695987839513,0.2566502660106404,0.2732909316372655,1.0
var_1439,25000.0,0.042677378917378855,0.052964050632897594,0.0,0.0113960113960113,0.0284900284900284,0.0512820512820512,1.0
var_1440,25000.0,0.002117057711103207,0.016726084723317852,0.0,0.0,0.0,1.857230080627001e-06,1.0
var_1441,25000.0,0.04636121398686993,0.027548479472272885,0.0,0.03536900104613468,0.038102843448401646,0.045681980848797404,1.0
var_1442,25000.0,0.010594623031063934,0.029712911023625235,0.0,0.000986881536805825,0.00294685062755745,0.007904710596540975,1.0
var_1443,25000.0,0.025033565881147492,0.04490963470698389,0.0,0.011441256830601,0.0136612021857923,0.015903346994535474,1.0
var_1444,25000.0,0.019637699375886497,0.04780323488973271,0.0,0.0,0.0039007092198581,0.0161347517730496,1.0
var_1445,25000.0,0.011253769477276177,0.02974111538555491,0.0,0.0010854446499235,0.0032924658051808,0.009027731905271924,1.0
var_1446,25000.0,0.07256883712498367,0.024155343937707054,0.0,0.0611210171717607,0.06466142057920696,0.07399851848829352,1.0
var_1447,25000.0,0.04304574210313979,0.022029210592253268,0.0,0.0371010590899208,0.0371010590899208,0.03813589079709738,1.0
var_1448,25000.0,0.16417660000000003,0.08415514420385624,0.0,0.115,0.115,0.1875,1.0
var_1449,25000.0,0.019610954805868035,0.04064068869711427,0.0,0.0022237832935012,0.0059636266455625,0.018058044787884676,1.0
var_1450,25000.0,0.9982468118067063,0.006313783140254505,0.0,0.9982756065688612,0.998286384027806,0.9982966226138033,1.0
var_1451,25000.0,0.04428751445086699,0.0529366184640908,0.0,0.0144508670520231,0.0289017341040462,0.0549132947976878,1.0
var_1452,25000.0,0.007089230769230763,0.02727588219439516,0.0,0.0,0.0,0.0,1.0
var_1453,25000.0,0.0011480000000000001,0.01065301062917984,0.0,0.0,0.0,0.0,1.0
var_1454,25000.0,0.0018799999999999997,0.021103845710700224,0.0,0.0,0.0,0.0,1.0
var_1455,25000.0,0.00162,0.022636167870110736,0.0,0.0,0.0,0.0,1.0
var_1457,25000.0,0.010896000000000001,0.03324733672666093,0.0,0.0,0.0,0.0,1.0
var_1458,25000.0,0.011849230769230758,0.034710964043227356,0.0,0.0,0.0,0.0,1.0
var_1459,25000.0,0.012975660377358433,0.03153540448134456,0.0,0.0047169811320754,0.0047169811320754,0.0094339622641509,1.0
var_1460,25000.0,0.0044881911862691155,0.018560870901471026,0.0,0.0018450331508385,0.0018450331508385,0.0024925128006955248,1.0
var_1462,25000.0,0.009024162578495273,0.028807099328754013,0.0,0.0024108927401555,0.00315223012573995,0.0044843965655458505,1.0
var_1463,25000.0,0.012544331707456247,0.016811163161686838,0.0,0.008765477464621224,0.00918194791295035,0.010209941729099725,1.0
var_1464,25000.0,0.019505918042854377,0.017818984249875113,0.0,0.0134760106749455,0.01500008125881225,0.018997793207649726,1.0
var_1466,25000.0,0.01187917211115756,0.025674382295365544,0.0,0.0053532192914416,0.0062459706348789,0.00788293058036105,1.0
var_1467,25000.0,0.025739858675800732,0.026670680764771474,0.0,0.01778798667899125,0.019180584648413247,0.022543473115714575,1.0
var_1468,25000.0,0.0005095182720635117,0.011628931932055631,0.0,0.0,0.0,0.0,1.0
var_1470,25000.0,0.0004076727682291419,0.010563279457967855,0.0,0.0,0.0,0.0,1.0
var_1471,25000.0,0.0005267582,0.011173556509739224,0.0,0.0,0.0,0.0,1.0
var_1472,25000.0,0.0011854693308694653,0.012090230116201629,0.0,0.0,0.0,1.0369775836555742e-06,1.0
var_1474,25000.0,0.0009109561628950412,0.014413275366382811,0.0,0.0,0.0,0.0,1.0
var_1475,25000.0,0.0009326072,0.012815984699002272,0.0,0.0,0.0,0.0,1.0
var_1476,25000.0,0.002556573638625357,0.017117644563635098,0.0,0.00041078521587982497,0.0009323831699677,0.001928339381172,1.0
var_1478,25000.0,0.0045859425477830255,0.0421470961088402,0.0,0.000481190610770575,0.0007876980337611,0.0012860579473616,1.0
var_1479,25000.0,0.004271623670745462,0.03164349635982623,0.0,0.000411508641560875,0.0008364408485365,0.0016397327247554,1.0
var_1480,25000.0,0.005192505857793617,0.01806988261480767,0.0,0.000797231471020525,0.0018412414710138499,0.004250794201119601,1.0
var_1482,25000.0,0.004925733321501269,0.03562856427849915,0.0,0.0005652285607172,0.0009442955795154,0.0015972676372788498,1.0
var_1483,25000.0,0.005938039657253111,0.030331446595670688,0.0,0.000619295882508025,0.0012619213191277,0.002757495179665725,1.0
var_1484,25000.0,0.009530229894748856,0.026876614456319822,0.0,0.002575542951578375,0.0040268148425076,0.006975630500290925,1.0
var_1486,25000.0,0.009778529141334116,0.029510729688839128,0.0,0.002853259253514775,0.00365668400196585,0.00501359023387185,1.0
var_1487,25000.0,0.013405203067189866,0.017885436301292502,0.0,0.0090997264835295,0.0096232132239267,0.01088366036389575,1.0
var_1488,25000.0,0.028930221385865974,0.027131638625206782,0.0,0.01836318689382485,0.0212541928992652,0.0283086429054653,1.0
var_1490,25000.0,0.01243740936276703,0.026309579988933716,0.0,0.0056913645591669,0.0066258234754137495,0.00827379581467245,1.0
var_1491,25000.0,0.027028831433704267,0.0284352774509555,0.0,0.0182606653795406,0.0198792946648875,0.023675563179747876,1.0
var_1492,25000.0,0.0008672786078783308,0.01421396524422146,0.0,0.0,0.0,0.0,1.0
var_1494,25000.0,0.0005263762701414119,0.011161704598734746,0.0,0.0,0.0,0.0,1.0
var_1495,25000.0,0.0007891946,0.012571930728572305,0.0,0.0,0.0,0.0,1.0
var_1496,25000.0,0.0010845920333480692,0.013465428277655652,0.0,0.0,0.0,0.0,1.0
var_1498,25000.0,0.0010610996819505382,0.014967046429217578,0.0,0.0,0.0,0.0,1.0
var_1499,25000.0,0.0011374156000000001,0.013398706871810807,0.0,0.0,0.0,0.0,1.0
var_1500,25000.0,0.003929850422577011,0.023689025970758042,0.0,0.0006430128975545,0.0013503624523423,0.0026364525519564,1.0
var_1502,25000.0,0.005069135319185015,0.04525222316010999,0.0,0.0005626322663286,0.0009323831699677,0.0014789714623037,1.0
var_1503,25000.0,0.005135916278106651,0.037819776425259743,0.0,0.000560092238381925,0.0010609921799291,0.0019291029971686,1.0
var_1504,25000.0,0.007086303100570268,0.026197878917517726,0.0,0.000974100717573875,0.0022504326085572,0.00522547249342645,1.0
var_1506,25000.0,0.00523771597600407,0.03746373650484124,0.0,0.0006430128975545,0.0010288399274387,0.001639684496376725,1.0
var_1507,25000.0,0.006729876533025626,0.0341371721131081,0.0,0.000752681155232975,0.001460313854733,0.0030170925099012747,1.0
var_1559,25000.0,0.07410258823529407,0.06341472060549477,0.0,0.0352941176470588,0.0588235294117647,0.0941176470588235,1.0
var_1560,25000.0,0.0010100334122816813,0.011603123414573632,0.0,0.0,0.0,0.0,1.0
var_1561,25000.0,0.011975762376988866,0.03768965760188922,0.0,0.000781584556276975,0.002932472003901,0.008576393360137775,1.0
var_1562,25000.0,0.046222346981139854,0.02746381519662382,0.0,0.03527896395798337,0.0379401738020912,0.045514331145232526,1.0
var_1563,25000.0,0.9982601883576501,0.00631385622164868,0.0,0.9982928505031726,0.9983025502162228,0.9983095555645368,1.0
var_1564,25000.0,0.1343694478527607,0.11482114911782777,0.0,0.0521472392638036,0.107361963190184,0.1748466257668711,1.0
var_1565,25000.0,0.027693504273504227,0.05558055604589839,0.0,0.0085470085470085,0.0128205128205128,0.0213675213675213,1.0
var_1566,25000.0,0.08426051282051278,0.07229340234932577,0.0,0.0384615384615384,0.0683760683760683,0.1068376068376068,1.0
var_1567,25000.0,0.0173256,0.03704038963427046,0.0,0.0,0.0,0.02,1.0
var_1568,25000.0,0.0005701624892865695,0.007862640422232564,0.0,0.0,0.0,0.0001612085651368,1.0
var_1569,25000.0,0.001169959452054794,0.01639975417361563,0.0,0.0,0.0,0.0,1.0
var_1570,25000.0,0.002505007226881822,0.01428499818858578,0.0,0.0001462468978519,0.0001462468978519,0.0007358047048175,1.0
var_1572,25000.0,0.05685548387096767,0.031428339219282064,0.0,0.0438709677419354,0.0438709677419354,0.0503225806451612,1.0
var_1573,25000.0,0.02250078740157474,0.036283419783832836,0.0,0.0078740157480314,0.0157480314960629,0.0236220472440944,1.0
var_1574,25000.0,0.003143294131539692,0.022391440651467157,0.0,5.439414563627157e-06,0.0003223356778445,0.0012087587919171,1.0
var_1575,25000.0,0.0009554535223947761,0.013025096058676801,0.0,0.0,0.0,0.0,1.0
var_1576,25000.0,0.01736528868852358,0.024165878683187737,0.0,0.0098680971021985,0.01090911658259575,0.0144885884315318,1.0
var_1577,25000.0,0.9858381329800331,0.006264025144517002,0.0,0.9858367236871416,0.9859422447854992,0.9860008676179198,1.0
var_1578,25000.0,0.3527217106460419,0.03310873284681722,0.0,0.3257506824385805,0.3366696997270245,0.3748862602365787,1.0
var_1579,25000.0,0.02208066390041487,0.03608220619786587,0.0,0.0041493775933609,0.0124481327800829,0.0248962655601659,1.0
var_1580,25000.0,0.006113556255420083,0.03043991111699752,0.0,0.00020482211055815,0.0009679125151129001,0.003137663108837,1.0
var_1581,25000.0,0.0017021115165180942,0.01751569145419579,0.0,0.0,0.0,0.0,1.0
var_1582,25000.0,0.014353992922973088,0.025078360131637036,0.0,0.005400917603365275,0.0070796459425279505,0.012588038118951001,1.0
var_1583,25000.0,0.12369968162083933,0.03252372627010373,0.0,0.11794500723589,0.1280752532561505,0.1338639652677279,1.0
var_1584,25000.0,0.5696980436137072,0.024989655991558613,0.0,0.5433021806853583,0.5694704049844237,0.5981308411214953,1.0
var_1618,25000.0,0.21790392682203946,0.2437137161313102,0.0,0.0333333333333333,0.1428571428571428,0.3,1.0
var_1619,25000.0,0.4754133333333333,0.028576076076146335,0.0,0.4651162790697674,0.4728682170542636,0.4806201550387597,1.0
var_1620,25000.0,0.5584048714778014,0.2974350374822089,0.0,0.4,0.5454545454545454,0.75,1.0
var_1621,25000.0,0.20294480000000004,0.28095500988888467,0.0,0.0,0.08,0.28,1.0
var_1622,25000.0,0.32874117777101747,0.019367978697260098,0.0,0.3283980040445161,0.3285877225236499,0.3288758832113423,1.0
var_1623,25000.0,0.561234,0.3434654218168684,0.0,0.28,0.59,0.9,1.0
var_1624,25000.0,0.3463671446405491,0.3977146960542106,0.0,0.00230680609712865,0.14819279443895667,0.7498125000000001,1.0
var_1625,25000.0,0.5004220829945424,0.04956517004384886,0.0,0.4996302491082492,0.5,0.5005626644004902,1.0
var_1626,25000.0,0.7382616316557682,0.4000174350224146,0.0,0.375,1.0,1.0,1.0
var_1627,25000.0,0.0687275,0.09166127148527678,0.0,0.0,0.03125,0.09375,1.0
var_1628,25000.0,0.001726624812233876,0.014502700047564054,0.0,0.0,0.0,0.0,1.0
var_1629,25000.0,0.025588889932172648,0.04495867132597009,0.0,0.010159711530897026,0.0137683758897226,0.0194175115695449,1.0
var_1630,25000.0,0.027145340467996215,0.038859361705320776,0.0,0.014391728127197401,0.0173059939289893,0.0215253177316694,1.0
var_1631,25000.0,0.019005630011380573,0.01868017354506942,0.0,0.0128740119604447,0.0151112566404972,0.017550509626078577,1.0
var_1632,25000.0,0.9460132805637831,0.005993100773594712,0.0,0.9460433050760902,0.9460489224798284,0.9460545398835666,1.0
var_1633,25000.0,0.06373538461538458,0.08873408025772347,0.0,0.0,0.0384615384615384,0.0769230769230769,1.0
var_1634,25000.0,0.0020496992286901687,0.01957525233740961,0.0,0.0,0.0,0.0,1.0
var_1635,25000.0,0.018940969330457632,0.04549875929735785,0.0,0.0,0.0044505803111667,0.0161704417972392,1.0
var_1636,25000.0,0.023229548441039374,0.03953777450395711,0.0,0.0083190716842627,0.0102209826647397,0.0203017637934609,1.0
var_1637,25000.0,0.9460180174854459,0.006001947073982912,0.0,0.9460540292104994,0.9460565825758348,0.9460591359411704,1.0
var_1638,25000.0,0.13759629629629624,0.09268960155000353,0.0,0.1111111111111111,0.1234567901234567,0.1358024691358024,1.0
var_1639,25000.0,0.0695314509803921,0.07966134455379018,0.0,0.0431372549019607,0.0470588235294117,0.0588235294117647,1.0
var_1640,25000.0,0.05887999999999995,0.05731897354564461,0.0,0.0414507772020725,0.0466321243523316,0.0569948186528497,1.0
var_1641,25000.0,0.017906666666666664,0.07991416274035419,0.0,0.0,0.0,0.0,1.0
var_1642,25000.0,0.003880806978021977,0.025377413920622916,0.0,0.0,0.0,0.0,1.0
var_1643,25000.0,8.418421410134488e-05,0.006757521400843623,0.0,0.0,0.0,0.0,1.0
var_1644,25000.0,0.04627491555726019,0.018133533534609222,0.0,0.0446835098485598,0.0446835098485598,0.0446835098485598,1.0
var_1646,25000.0,0.5534667181467182,0.04074645891252027,0.0,0.5482625482625483,0.5482625482625483,0.5482625482625483,1.0
var_1647,25000.0,0.037344,0.09398392938773802,0.0,0.0,0.0,0.0,1.0
var_1648,25000.0,0.01090856862823061,0.039235307627871314,0.0,0.0,0.0,0.0,1.0
var_1649,25000.0,0.00012429660094351015,0.006759493934843541,0.0,0.0,0.0,0.0,1.0
var_1650,25000.0,0.03501960979178389,0.038912564290005905,0.0,0.0265714687675858,0.0265714687675858,0.0265714687675858,1.0
var_1652,25000.0,0.693866247379455,0.048636359742311,0.0,0.6792452830188679,0.6792452830188679,0.6792452830188679,1.0
var_1653,25000.0,0.04843,0.09556359346537698,0.0,0.0,0.0,0.125,1.0
var_1654,25000.0,0.0220492759542656,0.06125566146684893,0.0,0.0,0.0,0.0131926121372031,1.0
var_1655,25000.0,0.0005027722827553474,0.011110659194043844,0.0,0.0,0.0,0.0,1.0
var_1656,25000.0,0.052507117314800046,0.050211483690936295,0.0,0.0369846984322984,0.0369846984322984,0.0369846984322984,1.0
var_1658,25000.0,0.7926444444444447,0.03825552517055422,0.0,0.7777777777777778,0.7777777777777778,0.7777777777777778,1.0
var_1694,25000.0,0.06119125,0.08782107370999857,0.0,0.0,0.03125,0.09375,1.0
var_1695,25000.0,0.010663999999999998,0.052520371662599485,0.0,0.0,0.0,0.0,1.0
var_1696,25000.0,0.00254,0.036105408791783006,0.0,0.0,0.0,0.0,1.0
var_1697,25000.0,0.00102,0.022999581718595872,0.0,0.0,0.0,0.0,1.0
var_1698,25000.0,0.00096,0.030969610340954995,0.0,0.0,0.0,0.0,1.0
var_1700,25000.0,0.013014545454545456,0.04617927120942175,0.0,0.0,0.0,0.0,1.0
var_1701,25000.0,0.011913333333333328,0.04985929907905697,0.0,0.0,0.0,0.0,1.0
var_1702,25000.0,0.02231099099099098,0.05866510393487304,0.0,0.009009009009009,0.009009009009009,0.009009009009009,1.0
var_1703,25000.0,0.060053126003489644,0.036281601065959915,0.0,0.04518158681530175,0.053372920405667,0.06170870454873745,1.0
var_1707,25000.0,0.060952213096229474,0.032310911891437775,0.0,0.0486771782416795,0.054950481255940195,0.061803231488905874,1.0
var_1711,25000.0,0.0020820735766359185,0.01712097622664616,0.0,0.0,0.0,0.0,1.0
var_1715,25000.0,0.0020826568730478935,0.015871759496524543,0.0,0.0,0.0,0.0,1.0
var_1719,25000.0,0.06062650659003616,0.042525964517065966,0.0,0.04410228424831503,0.053135819997747,0.0605749835807032,1.0
var_1723,25000.0,0.04269929359226976,0.030179271533834377,0.0,0.0313562177513396,0.0368770176035179,0.04290284913954395,1.0
var_1727,25000.0,0.014728153715270259,0.011361353429861207,0.0,0.012415475755983375,0.01313733458615145,0.014001613046565626,1.0
var_1731,25000.0,0.028250071948806122,0.016527101692421622,0.0,0.024080089799998573,0.02550786642547715,0.02679814636617725,1.0
var_1743,25000.0,0.06254293991493844,0.04898999660346959,0.0,0.0478221317242068,0.053135819997747,0.05420679386927898,1.0
var_1747,25000.0,0.06315823542490809,0.047441052559545414,0.0,0.0490951056133361,0.0532846509370608,0.0565441894324588,1.0
var_1796,25000.0,0.01026666666666666,0.03754286548787041,0.0,0.0,0.0,0.0,1.0
var_1802,25000.0,0.00962285714285714,0.034006271029086224,0.0,0.0,0.0,0.0,1.0
var_1803,25000.0,0.00013654663808290772,0.00782322874093009,0.0,0.0,0.0,0.0,1.0
var_1804,25000.0,0.0047566311815286574,0.021185186892391933,0.0,0.0,0.0,0.0,1.0
var_1805,25000.0,0.007923175360249736,0.019330158479765606,0.0,0.00374655526271,0.00374655526271,0.00374655526271,1.0
var_1810,25000.0,0.0014666666666666665,0.024360381392164353,0.0,0.0,0.0,0.0,1.0
var_1811,25000.0,0.0005610328783165597,0.011609193308413505,0.0,0.0,0.0,0.0,1.0
var_1812,25000.0,5.7698420117790026e-05,0.006657997474083603,0.0,0.0,0.0,0.0,1.0
var_1813,25000.0,0.0004827043366880145,0.010501748381083068,0.0,0.0,0.0,0.0,1.0
var_1815,25000.0,0.00352,0.05922626030737041,0.0,0.0,0.0,0.0,1.0
var_1816,25000.0,0.005213333333333334,0.04651901576151158,0.0,0.0,0.0,0.0,1.0
var_1817,25000.0,0.0017746690192131742,0.018895588840148934,0.0,0.0,0.0,0.0,1.0
var_1818,25000.0,0.00016161995712336776,0.010089833606688513,0.0,0.0,0.0,0.0,1.0
var_1819,25000.0,0.001532156237877401,0.016746511765755794,0.0,0.0,0.0,0.0,1.0
var_1821,25000.0,0.01228,0.11013485727721035,0.0,0.0,0.0,0.0,1.0
var_1822,25000.0,0.00879,0.053528968923570355,0.0,0.0,0.0,0.0,1.0
var_1823,25000.0,0.0033707936861313865,0.025606342889300793,0.0,0.0,0.0,0.0,1.0
var_1824,25000.0,0.0002173517832781134,0.011546120747988563,0.0,0.0,0.0,0.0,1.0
var_1825,25000.0,0.0029009976595117865,0.022675307756035903,0.0,0.0,0.0,0.0,1.0
var_1827,25000.0,0.02772,0.1641727130408348,0.0,0.0,0.0,0.0,1.0
var_1861,25000.0,0.009799999999999994,0.03680196388444779,0.0,0.0,0.0,0.0,1.0
var_1862,25000.0,0.0007733333333333333,0.01787217759940968,0.0,0.0,0.0,0.0,1.0
var_1863,25000.0,0.00028,0.013413754029051156,0.0,0.0,0.0,0.0,1.0
var_1864,25000.0,0.00024,0.015490384052047359,0.0,0.0,0.0,0.0,1.0
var_1865,25000.0,4e-05,0.006324555320336759,0.0,0.0,0.0,0.0,1.0
var_1867,25000.0,0.00078,0.020722180781738535,0.0,0.0,0.0,0.0,1.0
var_1868,25000.0,0.0018666666666666666,0.028380216030025572,0.0,0.0,0.0,0.0,1.0
var_1963,25000.0,0.022836590909090855,0.044641195750458655,0.0,0.002840909090909,0.0085227272727272,0.0227272727272727,1.0
var_1964,25000.0,0.0019927715001752944,0.021382529398441916,0.0,0.0,0.0,0.0,1.0
var_1965,25000.0,0.02095876202170725,0.06664246099516091,0.0,0.003063692432284675,0.0075126221829519,0.01535628411083055,1.0
var_1966,25000.0,0.09971058400869869,0.03794436299043907,0.0,0.08170638875775775,0.087388674942124,0.09971459146255872,1.0
var_1967,25000.0,0.041832912453700064,0.06588472667473932,0.0,0.008164575394497674,0.0196721782182279,0.04421015336907427,1.0
var_1968,25000.0,0.12386046380885447,0.03269392601749726,0.0,0.1089248067463106,0.1208713984539704,0.1335207308503162,1.0
var_1969,25000.0,0.030683373493975867,0.03975847540552587,0.0,0.0120481927710843,0.0240963855421686,0.036144578313253,1.0
var_1970,25000.0,0.001308694926138705,0.01623187482170043,0.0,0.0,0.0,0.0,1.0
var_1971,25000.0,0.013870721799194298,0.06665075997161227,0.0,4.516436985271086e-05,0.0022582184926355,0.010757445323787975,1.0
var_1972,25000.0,0.09801954817812543,0.03829583402300645,0.0,0.0799620225546429,0.08316086274725534,0.09924345139154597,1.0
var_1973,25000.0,0.9997706292822979,0.006323365175576635,0.0,0.9998092814589298,0.9998111527774032,0.999812556266258,1.0
var_1974,25000.0,0.06241214521452145,0.05938054889588192,0.0,0.0297029702970297,0.0495049504950495,0.0825082508250825,1.0
var_1975,25000.0,0.02959781094527358,0.04872630115227057,0.0,0.0099502487562189,0.0149253731343283,0.0248756218905472,1.0
var_1976,25000.0,0.025517755102040778,0.03039786229402921,0.0,0.010204081632653,0.0204081632653061,0.0255102040816326,1.0
var_1977,25000.0,0.0126904,0.034469831369053495,0.0,0.0,0.0,0.02,1.0
var_1978,25000.0,0.0010169842685305922,0.01017198529441502,0.0,0.0,0.0,8.881572812071412e-05,1.0
var_1979,25000.0,0.0015032024649637209,0.020899240324279665,0.0,0.0,0.0,0.0,1.0
var_1980,25000.0,0.0044918136843670065,0.02460429830131257,0.0,0.0,0.0,0.0001577939247845,1.0
var_1982,25000.0,0.27878,0.08001229704681118,0.0,0.25,0.25,0.25,1.0
var_1983,25000.0,0.014979842519684988,0.03386286532351149,0.0,0.0,0.0078740157480314,0.0157480314960629,1.0
var_1984,25000.0,0.00546924339721759,0.050060416599706586,0.0,0.0,7.720630846174384e-05,0.001696289238785675,1.0
var_1985,25000.0,0.0007648715740872648,0.012369338559232862,0.0,0.0,0.0,0.0,1.0
var_1986,25000.0,0.01033025257045989,0.03303090935519579,0.0,9.876863484418816e-05,9.876863484418816e-05,0.004993602317374525,1.0
var_1988,25000.0,0.28594,0.056951261073355644,0.0,0.25,0.25,0.375,1.0
var_1989,25000.0,0.014096597510373388,0.03399072588449262,0.0,0.0,0.0041493775933609,0.0124481327800829,1.0
var_1990,25000.0,0.009560186971267735,0.06248500010119837,0.0,0.0,0.0007523679804105,0.0048151550746272,1.0
var_1991,25000.0,0.0011525260021433546,0.014849133841542277,0.0,0.0,0.0,0.0,1.0
var_1992,25000.0,0.03183220883030174,0.03995390045306701,0.0,0.0163684558754559,0.017296537156721102,0.027567964340190876,1.0
var_1993,25000.0,4.7863270804082465e-05,0.006324506361523391,0.0,7.83952417267939e-06,7.949167867402179e-06,8.058811562124967e-06,1.0
var_1994,25000.0,0.303445,0.06219454720044241,0.0,0.25,0.25,0.375,1.0
var_2028,25000.0,0.022616416184971053,0.04458984733381675,0.0,0.0028901734104046,0.0086705202312138,0.0231213872832369,1.0
var_2029,25000.0,0.004019999999999997,0.02392329474430299,0.0,0.0,0.0,0.0,1.0
var_2030,25000.0,0.000578,0.009075748496318677,0.0,0.0,0.0,0.0,1.0
var_2031,25000.0,0.0009333333333333331,0.016573938344935844,0.0,0.0,0.0,0.0,1.0
var_2032,25000.0,0.0008,0.017010925161877428,0.0,0.0,0.0,0.0,1.0
var_2034,25000.0,0.0031078260869565203,0.018313470117054965,0.0,0.0,0.0,0.0,1.0
var_2035,25000.0,0.006430769230769225,0.03016887308928789,0.0,0.0,0.0,0.0,1.0
var_2036,25000.0,0.021567209302325502,0.046158033053495015,0.0,0.0116279069767441,0.0116279069767441,0.0116279069767441,1.0
var_2037,25000.0,0.01635450095952626,0.0332128832363121,0.0,0.0064312967159762,0.0064312967159762,0.0083009373576902,1.0
var_2039,25000.0,0.013241434208833188,0.0437994056131329,0.0,0.00242466816792155,0.0024356686788341003,0.002443669050406975,1.0
var_2040,25000.0,0.015752517729202713,0.04699978650889818,0.0,0.0006183347379837,0.0018945776371821,0.0047542727445672745,1.0
var_2041,25000.0,0.06729666013804596,0.05386463400258831,0.0,0.041182076225303996,0.0484766867310303,0.06746020476081545,1.0
var_2043,25000.0,0.012910428542125594,0.03960678963497852,0.0,0.00339260201196005,0.0034070471272998996,0.0034268258236881998,1.0
var_2044,25000.0,0.03387435732169409,0.042641492830286086,0.0,0.0191769166346646,0.0214061436497589,0.025031594955409974,1.0
var_2045,25000.0,0.0007988288221683699,0.01515639318498111,0.0,0.0,0.0,0.0,1.0
var_2048,25000.0,0.0003909718851966136,0.011973203653029776,0.0,0.0,0.0,0.0,1.0
var_2049,25000.0,0.0012942261235407882,0.019355985266458833,0.0,0.0,0.0,0.0,1.0
var_2052,25000.0,0.0007832702000000001,0.014566400181285754,0.0,0.0,0.0,0.0,1.0
var_2053,25000.0,0.0037383160453813087,0.01994739698001041,0.0,0.0002985519632016,0.0009959480952633,0.00334381519719815,1.0
var_2055,25000.0,0.0033457385708431098,0.03463528527115591,0.0,0.0005578835295672,0.0005644921861768,0.0005645253955065,1.0
var_2056,25000.0,0.004042791226892061,0.03255297204999252,0.0,0.00041232703750852497,0.0006807580494433,0.0011955026597352,1.0
var_2057,25000.0,0.004561628307056562,0.020318445229183458,0.0,0.000609266847039825,0.0017487041964749,0.0041801259968987,1.0
var_2059,25000.0,0.0033414267737600653,0.029840945389250348,0.0,0.0006641533845952,0.0006641533845952,0.0006641533845952,1.0
var_2060,25000.0,0.004341739885932557,0.027773338349553915,0.0,0.0006135423661381249,0.0009962466815577,0.0016604332754826,1.0
var_2061,25000.0,0.034310844089348404,0.046178020615781634,0.0,0.015165574486142124,0.0191993090112114,0.029630711164326598,1.0
var_2064,25000.0,0.019738611221877818,0.05041279980566354,0.0,0.003307804429804625,0.0052751765622079,0.0080663442375218,1.0
var_2065,25000.0,0.095256355887927,0.039429069781199796,0.0,0.07751287626339717,0.0832986023595594,0.09343447323175993,1.0
var_2068,25000.0,0.03675841081827226,0.04610826141893854,0.0,0.021442935182172877,0.0237522550266036,0.027389792914437078,1.0
var_2069,25000.0,0.001023489396322391,0.018995777392013496,0.0,0.0,0.0,0.0,1.0
var_2072,25000.0,0.000606668803281839,0.013021296872249979,0.0,0.0,0.0,0.0,1.0
var_2073,25000.0,0.0011293941474868703,0.018453198212081766,0.0,0.0,0.0,0.0,1.0
var_2076,25000.0,0.0010065853999999999,0.01524875867095899,0.0,0.0,0.0,0.0,1.0
var_2077,25000.0,0.005317163289609876,0.02944305828116201,0.0,0.0007305720439877,0.0016604332754826,0.0040182956839162,1.0
var_2080,25000.0,0.004848427073308213,0.03770777621469967,0.0,0.0007571395077447,0.0010958746706464,0.0016604332754826,1.0
var_2081,25000.0,0.005886103089729574,0.02616179400783002,0.0,0.001076870631727725,0.00240772621697245,0.0045662496239043,1.0
var_2084,25000.0,0.004931222068795068,0.030401917787026247,0.0,0.0009298280221652,0.0013092446139448002,0.0018264799239639,1.0
var_2130,25000.0,0.013656000000000001,0.04481064587527556,0.0,0.0,0.0,0.0,1.0
var_2136,25000.0,0.02445333333333333,0.09188238233620329,0.0,0.0,0.0,0.0,1.0
var_2137,25000.0,0.0003244523772974027,0.013489786654807033,0.0,0.0,0.0,0.0,1.0
var_2138,25000.0,0.005198592645582967,0.023667397892014913,0.0,0.0,0.0,0.0,1.0
var_2139,25000.0,0.030726609472012577,0.021733653932508507,0.0,0.0263929284260586,0.0263929284260586,0.0263929284260586,1.0
var_2144,25000.0,0.00308,0.055413323537367956,0.0,0.0,0.0,0.0,1.0
var_2145,25000.0,0.0004411892960000001,0.010537246175393677,0.0,0.0,0.0,0.0,1.0
var_2147,25000.0,0.000436289648,0.010551231822910501,0.0,0.0,0.0,0.0,1.0
var_2149,25000.0,0.0026,0.05092488324728246,0.0,0.0,0.0,0.0,1.0
var_2150,25000.0,0.00584,0.05427717973964399,0.0,0.0,0.0,0.0,1.0
var_2151,25000.0,0.0017374541920000001,0.019810145614533186,0.0,0.0,0.0,0.0,1.0
var_2152,25000.0,4.3299435028248586e-05,0.006346013931774809,0.0,0.0,0.0,0.0,1.0
var_2153,25000.0,0.001685108696,0.019421020106700815,0.0,0.0,0.0,0.0,1.0
var_2155,25000.0,0.01076,0.1031729043205019,0.0,0.0,0.0,0.0,1.0
var_2156,25000.0,0.01182,0.0775275952233838,0.0,0.0,0.0,0.0,1.0
var_2157,25000.0,0.002532611402588317,0.020194636611953927,0.0,0.0,0.0,0.0,1.0
var_2158,25000.0,9.826897470039945e-05,0.007602786419689202,0.0,0.0,0.0,0.0,1.0
var_2159,25000.0,0.002439256633467109,0.01970139276069137,0.0,0.0,0.0,0.0,1.0
var_2161,25000.0,0.02196,0.14655585128101092,0.0,0.0,0.0,0.0,1.0
var_2195,25000.0,0.012932,0.043621548454629434,0.0,0.0,0.0,0.0,1.0
var_2196,25000.0,0.00064,0.018428347298642015,0.0,0.0,0.0,0.0,1.0
var_2197,25000.0,0.00028,0.016731192345792113,0.0,0.0,0.0,0.0,1.0
var_2198,25000.0,8e-05,0.00894409301561622,0.0,0.0,0.0,0.0,1.0
var_2201,25000.0,0.00174,0.03044683038313209,0.0,0.0,0.0,0.0,1.0
var_2202,25000.0,0.00202,0.03234132709796458,0.0,0.0,0.0,0.0,1.0
var_2297,25000.0,0.04223999999999999,0.08471168421639194,0.0,0.0,0.0,0.0,1.0
var_2303,25000.0,0.03049,0.08934863864194623,0.0,0.0,0.0,0.0,1.0
var_2304,25000.0,0.00039759394209354083,0.0115467637144578,0.0,0.0,0.0,0.0,1.0
var_2305,25000.0,0.00797929378094059,0.02673489409419189,0.0,0.0,0.0,0.0,1.0
var_2306,25000.0,0.014471544712209305,0.019743703939359123,0.0,0.009884307799765,0.009884307799765,0.009884307799765,1.0
var_2311,25000.0,0.0052,0.07192473098091551,0.0,0.0,0.0,0.0,1.0
var_2312,25000.0,0.00042717515470297007,0.008612775327570413,0.0,0.0,0.0,0.0,1.0
var_2314,25000.0,0.0004366955136138612,0.008751855979952006,0.0,0.0,0.0,0.0,1.0
var_2316,25000.0,0.00508,0.07109427386105745,0.0,0.0,0.0,0.0,1.0
var_2317,25000.0,0.01036,0.07192271765647211,0.0,0.0,0.0,0.0,1.0
var_2318,25000.0,0.0015566252165841576,0.013368020316319472,0.0,0.0,0.0,0.0,1.0
var_2319,25000.0,8.72711390635919e-05,0.007432253958040688,0.0,0.0,0.0,0.0,1.0
var_2320,25000.0,0.0015333594059405932,0.013402765455223179,0.0,0.0,0.0,0.0,1.0
var_2322,25000.0,0.01984,0.1394530468870847,0.0,0.0,0.0,0.0,1.0
var_2323,25000.0,0.014226666666666667,0.06920191198840954,0.0,0.0,0.0,0.0,1.0
var_2324,25000.0,0.0031085506188118796,0.017888855944917445,0.0,0.0,0.0,0.0,1.0
var_2325,25000.0,0.0001617959468902865,0.00889444616533481,0.0,0.0,0.0,0.0,1.0
var_2326,25000.0,0.0027899927599009883,0.01681257440960084,0.0,0.0,0.0,0.0,1.0
var_2328,25000.0,0.0402,0.19643193075499923,0.0,0.0,0.0,0.0,1.0
var_2362,25000.0,0.040314285714285705,0.08307565854203938,0.0,0.0,0.0,0.0,1.0
var_2363,25000.0,0.00292,0.053959151805810894,0.0,0.0,0.0,0.0,1.0
var_2364,25000.0,0.00036,0.018970629810098966,0.0,0.0,0.0,0.0,1.0
var_2365,25000.0,0.00048,0.02190408161854,0.0,0.0,0.0,0.0,1.0
var_2366,25000.0,8e-05,0.00894409301561622,0.0,0.0,0.0,0.0,1.0
var_2368,25000.0,0.00406,0.045755875513487455,0.0,0.0,0.0,0.0,1.0
var_2369,25000.0,0.0066,0.08097346644482206,0.0,0.0,0.0,0.0,1.0
var_2464,25000.0,0.01195,0.05590011174317736,0.0,0.0,0.0,0.0,1.0
var_2470,25000.0,0.010066666666666666,0.05866022575244538,0.0,0.0,0.0,0.0,1.0
var_2471,25000.0,0.00037255742522613873,0.012006698964241497,0.0,0.0,0.0,0.0,1.0
var_2472,25000.0,0.0028204275959595945,0.02539777257967975,0.0,0.0,0.0,0.0,1.0
var_2473,25000.0,0.03961025539333425,0.019820014795077542,0.0,0.0375849238102813,0.0375849238102813,0.0375849238102813,1.0
var_2478,25000.0,0.0002,0.01414100416236233,0.0,0.0,0.0,0.0,1.0
var_2479,25000.0,8.649692121212121e-05,0.008250693328030355,0.0,0.0,0.0,0.0,1.0
var_2481,25000.0,7.923304665190257e-05,0.007653401861204237,0.0,0.0,0.0,0.0,1.0
var_2484,25000.0,0.00042,0.015160237244572806,0.0,0.0,0.0,0.0,1.0
var_2485,25000.0,0.00018421230707070703,0.010151685739673967,0.0,0.0,0.0,0.0,1.0
var_2486,25000.0,4e-05,0.00632455532033676,0.0,0.0,0.0,0.0,1.0
var_2487,25000.0,0.00015493974215218009,0.009384844599754066,0.0,0.0,0.0,0.0,1.0
var_2489,25000.0,0.00076,0.027558170804883344,0.0,0.0,0.0,0.0,1.0
var_2490,25000.0,0.00076,0.020480214294950692,0.0,0.0,0.0,0.0,1.0
var_2491,25000.0,0.00026551726060606055,0.011469846929680443,0.0,0.0,0.0,0.0,1.0
var_2492,25000.0,4.0085561497326194e-05,0.006324569248103147,0.0,0.0,0.0,0.0,1.0
var_2493,25000.0,0.00024006399721523855,0.01170152473118476,0.0,0.0,0.0,0.0,1.0
var_2495,25000.0,0.0014,0.037391120922445654,0.0,0.0,0.0,0.0,1.0
var_2529,25000.0,0.00937,0.04959638587699393,0.0,0.0,0.0,0.0,1.0
var_2530,25000.0,0.00064,0.025290630372519107,0.0,0.0,0.0,0.0,1.0
var_2531,25000.0,0.0004,0.019996399531909983,0.0,0.0,0.0,0.0,1.0
var_2532,25000.0,0.00012,0.010954012945764882,0.0,0.0,0.0,0.0,1.0
var_2533,25000.0,0.0004,0.01999639953190998,0.0,0.0,0.0,0.0,1.0
var_2535,25000.0,0.00262,0.03719127488588023,0.0,0.0,0.0,0.0,1.0
var_2536,25000.0,0.00218,0.03324592924964599,0.0,0.0,0.0,0.0,1.0
var_2631,25000.0,0.008962439024390239,0.03447734235789744,0.0,0.0,0.0,0.0,1.0
var_2637,25000.0,0.00856190476190476,0.0348880110178676,0.0,0.0,0.0,0.0,1.0
var_2638,25000.0,0.0004704201671752684,0.013108766087683483,0.0,0.0,0.0,0.0,1.0
var_2639,25000.0,0.0003394366851865015,0.007189014990335369,0.0,0.0,0.0,0.0,1.0
var_2640,25000.0,0.026105722786518126,0.024902418524406545,0.0,0.0216139293756517,0.0216139293756517,0.0216139293756517,1.0
var_2645,25000.0,0.0016231578947368415,0.015273341692495517,0.0,0.0,0.0,0.0,1.0
var_2646,25000.0,6.030905659746956e-05,0.006330573301421114,0.0,0.0,0.0,0.0,1.0
var_2647,25000.0,4.076602739726027e-05,0.006324978865063168,0.0,0.0,0.0,0.0,1.0
var_2648,25000.0,0.0008960841337442361,0.01283209731230649,0.0,0.0,0.0,0.0,1.0
var_2650,25000.0,0.01416,0.11815266735081388,0.0,0.0,0.0,0.0,1.0
var_2651,25000.0,0.0032282352941176446,0.01947517007603968,0.0,0.0,0.0,0.0,1.0
var_2652,25000.0,0.0001118117802831402,0.006346559810325894,0.0,0.0,0.0,0.0,1.0
var_2653,25000.0,4.9155616438356116e-05,0.006335352633233999,0.0,0.0,0.0,0.0,1.0
var_2654,25000.0,0.002739654871368881,0.020778787308803427,0.0,0.0,0.0,0.0,1.0
var_2656,25000.0,0.04404,0.20518811487632382,0.0,0.0,0.0,0.0,1.0
var_2657,25000.0,0.006058888888888882,0.02862197924442557,0.0,0.0,0.0,0.0,1.0
var_2658,25000.0,0.00019893133121391525,0.006560690306189096,0.0,0.0,0.0,0.0,1.0
var_2659,25000.0,0.00018747074265171787,0.010536740247557982,0.0,0.0,0.0,0.0,1.0
var_2660,25000.0,0.008457324759523367,0.028341673654587573,0.0,0.0036680067723172,0.0036680067723172,0.0036680067723172,1.0
var_2662,25000.0,0.07468,0.26287955764279786,0.0,0.0,0.0,0.0,1.0
var_2696,25000.0,0.00885365853658536,0.03415217220929537,0.0,0.0,0.0,0.0,1.0
var_2697,25000.0,0.00103,0.01927314084829783,0.0,0.0,0.0,0.0,1.0
var_2698,25000.0,0.00036,0.018970629810098963,0.0,0.0,0.0,0.0,1.0
var_2699,25000.0,0.00038,0.015807137458242873,0.0,0.0,0.0,0.0,1.0
var_2700,25000.0,0.00032,0.014138797552261969,0.0,0.0,0.0,0.0,1.0
var_2702,25000.0,0.00021,0.00851227339504166,0.0,0.0,0.0,0.0,1.0
var_2703,25000.0,0.00165,0.02469416716707982,0.0,0.0,0.0,0.0,1.0
var_2798,25000.0,0.045343125,0.07086320947528175,0.0,0.0,0.015625,0.0625,1.0
var_2799,25000.0,0.001350064866255458,0.01925827577468055,0.0,0.0,0.0,0.0,1.0
var_2800,25000.0,0.0032105059393174916,0.028723192506110273,0.0,0.000344495582933,0.0004690150591613,0.0006212442694995,1.0
var_2801,25000.0,0.376378559643108,0.014614011848601225,0.0,0.3710309478491815,0.37201189039461857,0.3748086148821067,1.0
var_2802,25000.0,0.11239510786785792,0.015512989078596311,0.0,0.1066326864199355,0.10808284035443311,0.1115477879200507,1.0
var_2803,25000.0,0.997011424761086,0.007355472274050662,0.0,0.9970546594528998,0.9970641401628154,0.9970862618192852,1.0
var_2804,25000.0,0.03689454545454544,0.06211110852738976,0.0,0.0,0.0,0.0454545454545454,1.0
var_2805,25000.0,0.0005687200493585293,0.010379333549963923,0.0,0.0,0.0,0.0,1.0
var_2806,25000.0,0.0025494293099784663,0.02800932542290164,0.0,0.0,0.0,0.00018339020774195002,1.0
var_2807,25000.0,0.37589560938022243,0.014570330668038367,0.0,0.3710309478491815,0.3710309478491815,0.3746027195199811,1.0
var_2812,25000.0,0.01049,0.0426618412789234,0.0,0.0,0.0,0.0,1.0
var_2813,25000.0,0.00022194448907355267,0.012452920439896317,0.0,0.0,0.0,0.0,1.0
var_2814,25000.0,0.00011732414585127763,0.009616254654125928,0.0,0.0,0.0,0.0,1.0
var_2815,25000.0,0.016756656745963498,0.031818600187381745,0.0,0.0109975461725102,0.0109975461725102,0.0109975461725102,1.0
var_2817,25000.0,0.9265015384615387,0.017128120205205672,0.0,0.9230769230769232,0.9230769230769232,0.9230769230769232,1.0
var_2818,25000.0,0.023842857142857134,0.056478394284294804,0.0,0.0,0.0,0.0,1.0
var_2819,25000.0,0.0009139242266120213,0.016993307529550215,0.0,0.0,0.0,0.0,1.0
var_2820,25000.0,0.0005342009205523313,0.016544453467412377,0.0,0.0,0.0,0.0,1.0
var_2821,25000.0,0.02251314375907709,0.03631659810943629,0.0,0.0113221010748142,0.0113221010748142,0.0113221010748142,1.0
var_2823,25000.0,0.6762022222222221,0.021797742282761955,0.0,0.6666666666666666,0.6666666666666666,0.6666666666666666,1.0
var_2824,25000.0,0.033045714285714275,0.06453835704077947,0.0,0.0,0.0,0.0476190476190476,1.0
var_2825,25000.0,0.001847032492045433,0.02430559803543285,0.0,0.0,0.0,0.000130344911309025,1.0
var_2826,25000.0,0.00036476602403047985,0.009509140168185078,0.0,0.0,0.0,0.0,1.0
var_2827,25000.0,0.13564119391329635,0.017440188038703317,0.0,0.1297439873724437,0.1297439873724437,0.13284670395857276,1.0
var_2829,25000.0,0.630735,0.0108491825023002,0.0,0.625,0.625,0.6458333333333334,1.0
var_2863,25000.0,0.022191807228915644,0.0629446557193382,0.0,0.0,0.0,0.0120481927710843,1.0
var_2864,25000.0,0.017899999999999992,0.04365699146737925,0.0,0.0,0.0,0.0333333333333333,1.0
var_2865,25000.0,0.003246153846153845,0.024685390755515783,0.0,0.0,0.0,0.0,1.0
var_4111,25000.0,0.013231219512195113,0.03309725278167928,0.0,0.0048780487804878,0.0097560975609756,0.0097560975609756,1.0
var_4115,25000.0,0.015482731707317064,0.037071555843237854,0.0,0.0097560975609756,0.0097560975609756,0.0097560975609756,1.0
var_4116,25000.0,0.018358068965517185,0.03705510032548292,0.0,0.0068965517241379,0.0137931034482758,0.0137931034482758,1.0
var_4118,25000.0,0.014919999999999989,0.035918280815845846,0.0,0.0097560975609756,0.0097560975609756,0.0097560975609756,1.0
var_4120,25000.0,0.015489879518072248,0.026814109015739745,0.0,0.0120481927710843,0.0120481927710843,0.0120481927710843,1.0
var_4129,25000.0,0.022873406593406507,0.046259154889435807,0.0,0.0109890109890109,0.0109890109890109,0.0109890109890109,1.0
var_4132,25000.0,0.027142499999999944,0.047304464900895266,0.0,0.0056818181818181,0.0113636363636363,0.0284090909090909,1.0
var_4133,25000.0,0.017852698412698355,0.01978779656170889,0.0,0.0052910052910052,0.0105820105820105,0.0264550264550264,1.0
var_4164,25000.0,0.06278127853881275,0.06282952576043187,0.0,0.0205479452054794,0.045662100456621,0.0844748858447488,1.0
var_4165,25000.0,0.07825878003696854,0.0659648925290495,0.0,0.0351201478743068,0.0628465804066543,0.1016635859519408,1.0
var_4166,25000.0,0.06419618441971377,0.05292587817580855,0.0,0.0302066772655007,0.0524642289348171,0.0826709062003179,1.0
var_4167,25000.0,0.042982823803967285,0.03524164917734751,0.0,0.0303383897316219,0.0373395565927654,0.0455075845974329,1.0
var_4169,25000.0,0.3036437599632696,0.02354307904841231,0.0,0.296280246327311,0.2987360929519181,0.3035935704899413,1.0
var_4170,25000.0,0.29929023269143434,0.02767553951229858,0.0,0.2894277109246981,0.2924460078974983,0.29853438478279193,1.0
var_4171,25000.0,0.2312306744595724,0.022214789596721945,0.0,0.22371207625250786,0.2258897922169896,0.23044026324835992,1.0
var_4172,25000.0,0.2271261691960769,0.020296865329827683,0.0,0.22219158220830854,0.2232739641776228,0.2245351896946612,1.0
var_4174,25000.0,0.32855021095817843,0.015602377753382305,0.0,0.32521210780174353,0.3262930903896799,0.32840953693362057,1.0
var_4175,25000.0,0.3361127369792533,0.017140180037842147,0.0,0.3323294826011547,0.3334121839510526,0.3357085929888954,1.0
var_4176,25000.0,0.3759155475097186,0.018656963840092203,0.0,0.3716176098155965,0.37278243071964967,0.3752070413237181,1.0
var_4177,25000.0,0.34656200968975204,0.017120770602779736,0.0,0.3438477231909224,0.3443564802762923,0.3450239453298919,1.0
var_4179,25000.0,0.3303870038220052,0.013999562550799574,0.0,0.3292302116121987,0.3292600363114145,0.3294930305752173,1.0
var_4180,25000.0,0.34366055772314474,0.01446055271095808,0.0,0.3429542394749294,0.3429684673475225,0.3430428869239594,1.0
var_4181,25000.0,0.3776064349741781,0.01467204224559644,0.0,0.3767412946016974,0.37675748504254214,0.37683687036789265,1.0
var_4182,25000.0,0.39092893404941564,0.015571761122817272,0.0,0.39016377828431476,0.3901746770561448,0.3901937490769075,1.0
var_4245,25000.0,0.0636238095238095,0.0710589781075735,0.0,0.0238095238095238,0.0476190476190476,0.0714285714285714,1.0
var_4246,25000.0,0.044615999999999975,0.05051955803588227,0.0,0.0333333333333333,0.0333333333333333,0.0333333333333333,1.0
var_4250,25000.0,0.006960333303319877,0.02029313027649508,0.0,0.0037760687847414,0.0047762936152788,0.0065766983102461,1.0
var_4251,25000.0,0.0069123683226281355,0.01827297354713148,0.0,0.0044224491944824,0.0049489312414446,0.006001895335369,1.0
var_4255,25000.0,0.004437462451441352,0.013084090763723244,0.0,0.002259371809458425,0.0030843481108537,0.0037511813228197,1.0
var_4256,25000.0,0.003924117970454124,0.011273174271546999,0.0,0.002228754694464875,0.0027903548488996,0.0032992874942964,1.0
var_4260,25000.0,0.0020858449918313747,0.01122024393707571,0.0,0.000766845597306,0.0008779826403938,0.0008779826403938,1.0
var_4261,25000.0,0.0018746213925633255,0.010288033133407802,0.0,0.0008296588291281,0.0008296588291281,0.0008296588291281,1.0
var_4265,25000.0,0.010103540164872984,0.021602344168230075,0.0,0.0044875686858868,0.0061434443201419,0.0077993199543969,1.0
var_4266,25000.0,0.013196502497611014,0.027593219737408237,0.0,0.0063705538842682,0.0081401521854539,0.0094673509113431,1.0
var_4269,25000.0,0.022402358275212104,0.03825876703671933,0.0,0.0068724944030822,0.0130681522361638,0.0227521216223251,1.0
var_4270,25000.0,0.0016603801128697259,0.010991809983339009,0.0,0.000331185443844,0.000331185443844,0.0008868657187502,1.0
var_4271,25000.0,0.012058108369710857,0.03155019526803629,0.0,0.0047014104231269,0.0097029108732619,0.0097029108732619,1.0
var_4272,25000.0,0.049470057803468144,0.05309653474049486,0.0,0.0173410404624277,0.0346820809248554,0.0578034682080924,1.0
var_4273,25000.0,0.004707498393197014,0.01387778228242711,0.0,0.0020389213818717,0.0031664134538726,0.004706142020557075,1.0
var_4299,25000.0,0.004006285634558857,0.012385469985575309,0.0,0.001647289449362625,0.0018693836442909,0.0020864912214742,1.0
var_4300,25000.0,0.005461967110797506,0.019026459366759268,0.0,0.0015044841717395,0.0017933798001889,0.0021063500643424,1.0
var_4301,25000.0,0.013457446669756906,0.022572257581466703,0.0,0.0081259575766458,0.0082126387248429,0.0091088301152179,1.0
var_4302,25000.0,0.01605363380281688,0.02509888535841483,0.0,0.0112676056338028,0.0112676056338028,0.0112676056338028,1.0
var_4362,25000.0,0.0029351111111111084,0.01682117702186275,0.0,0.0,0.0,0.0,1.0
var_4364,25000.0,0.035896666666666625,0.046827136906641885,0.0,0.0092592592592592,0.0231481481481481,0.0462962962962962,1.0
var_4365,25000.0,0.033190614525139626,0.03865402978376091,0.0,0.0111731843575419,0.0223463687150838,0.0446927374301676,1.0
var_4366,25000.0,0.03132873949579827,0.036890867899286035,0.0,0.011204481792717,0.0224089635854341,0.0392156862745098,1.0
var_4367,25000.0,0.022818981481481447,0.023888745244863153,0.0,0.0138888888888888,0.0185185185185185,0.0231481481481481,1.0
var_4369,25000.0,0.011727955232294564,0.022009213870223282,0.0,0.005341345179523799,0.0075207387260246,0.0120004153186703,1.0
var_4370,25000.0,0.024153890916303735,0.039783552283480725,0.0,0.0098968642566934,0.0143894155641212,0.0219827065319304,1.0
var_4371,25000.0,0.0145843614633938,0.02656409841306415,0.0,0.0058956175197564,0.008445757025138,0.0129043759338854,1.0
var_4372,25000.0,0.010606142407360793,0.01969522753776825,0.0,0.0060427434339172,0.0071206601377721,0.00830420821602145,1.0
var_4374,25000.0,0.014155903439978638,0.022214262487634973,0.0,0.0051082536776446,0.0089944105005949,0.015786196325548674,1.0
var_4375,25000.0,0.02663962173221022,0.03571558895746186,0.0,0.0100375612538536,0.0167572921522891,0.030200310016967002,1.0
var_4376,25000.0,0.016912326401187394,0.027269793492299993,0.0,0.0062608759528031,0.0103716203080687,0.0179986299628607,1.0
var_4377,25000.0,0.020468764043657574,0.03146130971487774,0.0,0.011968494523800725,0.0142910997800923,0.0173127591337639,1.0
var_4379,25000.0,0.0061953754632467824,0.021510665398030045,0.0,0.0002328217645698,0.0004691652028894,0.0027997306310878,1.0
var_4380,25000.0,0.009306934082765063,0.034301220452328994,0.0,0.0002781510499624,0.0008347314400824,0.0022261824153824,1.0
var_4381,25000.0,0.004388769942989834,0.018509887940062943,0.0,0.0001219443811397,0.0003659063320043,0.000975811209166,1.0
var_4382,25000.0,0.004458176920421043,0.020406256775935525,0.0,0.0003717273245681,0.0005576095750772,0.0005576095750772,1.0
var_4384,25000.0,0.00984286556819903,0.019838698535532263,0.0,0.0028208217288687,0.0052327569216902,0.0099653595392821,1.0
var_4385,25000.0,0.01013214720467565,0.018090869569092713,0.0,0.002995802833699275,0.005368917522407949,0.010566776351232574,1.0
var_4386,25000.0,0.01624527957670403,0.027406846632859805,0.0,0.004967827141055075,0.008718949276188801,0.016760202703717475,1.0
var_4387,25000.0,0.016894279720220007,0.027977395854260942,0.0,0.0086180811289476,0.0107716709921261,0.0135729196943005,1.0
var_4389,25000.0,0.012550411730980975,0.01948776896498063,0.0,0.003851865808143625,0.0070584143138771,0.014085414623908625,1.0
var_4390,25000.0,0.005262692339011932,0.02850818680681272,0.0,0.0002296539156595,0.0005185658288666,0.0015195980850304,1.0
var_4391,25000.0,0.01857343129211772,0.03403335049427207,0.0,0.0050066491767483,0.0087067727876385,0.018046930066953,1.0
var_4392,25000.0,0.03794382896015545,0.03973093276603253,0.0,0.0136054421768707,0.0272108843537414,0.0495626822157434,1.0
var_4393,25000.0,0.026234584208052393,0.032253058943534925,0.0,0.0107029415353685,0.01728293024677245,0.0299024843090404,1.0
var_4749,25000.0,0.013391258103724376,0.022668140883817613,0.0,0.0069195986574547745,0.008686693634958,0.01086346877717485,1.0
var_4750,25000.0,0.0030810860687418267,0.009859274188224805,0.0,0.0017053983450723,0.0021293044096957,0.0025849825265,1.0
var_4751,25000.0,0.006894730352543881,0.018063560126822604,0.0,0.003909418846146375,0.004554047140542,0.0053878741501567,1.0
var_4752,25000.0,0.024505048543689283,0.024873656788244505,0.0,0.0145631067961165,0.0194174757281553,0.0242718446601941,1.0
var_4753,25000.0,0.005585944145906061,0.011270591861544657,0.0,0.004021539385853324,0.0043032487050747,0.0046135100498089,1.0
var_4782,25000.0,0.00217,0.020347178190265405,0.0,0.0,0.0,0.0,1.0
var_4784,25000.0,0.3285423633614168,0.0166965531399128,0.0,0.32381863325896726,0.3256638314493657,0.329074724267428,1.0
var_4785,25000.0,0.3280756711238273,0.019166938308026855,0.0,0.3226917078085456,0.3245969669449117,0.32821736308912575,1.0
var_4786,25000.0,0.37469278349285773,0.021535582940864943,0.0,0.3688404103380583,0.3708814335349345,0.3746024811036659,1.0
var_4787,25000.0,0.33931174458563684,0.01870315240401417,0.0,0.33569460059234757,0.3366582205451895,0.33780406183538847,1.0
var_5059,25000.0,0.01859811745390536,0.03254120573181286,0.0,0.006084029017339201,0.0095146019616352,0.017484974606036423,1.0
var_5115,25000.0,0.01270231959426043,0.019493334099389418,0.0,0.003962134706495625,0.007176386252991,0.014271620771893551,1.0
var_5116,25000.0,0.0017445509561314105,0.02032505854088929,0.0,7.572968275008965e-05,0.0001471866791193,0.000486054909324,1.0
var_5117,25000.0,0.020083377930083093,0.035123886547550366,0.0,0.0057990433194982,0.009755484661447,0.019606414919616053,1.0
var_5118,25000.0,0.08432077548467788,0.06828283133540593,0.0,0.0393996247654784,0.0687929956222639,0.1106941838649155,1.0
var_5119,25000.0,0.03896046693805954,0.04546839823927544,0.0,0.01727062933503885,0.02634570986783995,0.04354928615830485,1.0
var_5145,25000.0,0.0033522131257644468,0.016065192039268976,0.0,0.0006292866372287,0.0009714480679564,0.0014960535087953,1.0
var_5146,25000.0,0.0013560531704001932,0.0122448142541746,0.0,0.000190116671369,0.0003089005173411,0.0004839503956158,1.0
var_5147,25000.0,0.0059114769736514005,0.022968351008485637,0.0,0.0010500755102891,0.0013752382379761,0.0021804537080581748,1.0
var_5148,25000.0,0.020603305785123944,0.02556231035446956,0.0,0.0082644628099173,0.0165289256198347,0.0165289256198347,1.0
var_5149,25000.0,0.003207195123265874,0.014537355852234743,0.0,0.000950482046009,0.0011666247369543502,0.0014121500302761,1.0
var_5150,25000.0,0.06573482993197273,0.06382417752059359,0.0,0.0238095238095238,0.0510204081632653,0.0884353741496598,1.0
var_5151,25000.0,0.07321861386138609,0.06072331500343863,0.0,0.0346534653465346,0.0594059405940594,0.0965346534653465,1.0
var_5152,25000.0,0.05693086519114683,0.04555954481690447,0.0,0.028169014084507,0.0462776659959758,0.0744466800804829,1.0
var_5153,25000.0,0.03610383448275856,0.030503665794155498,0.0,0.0262068965517241,0.0317241379310344,0.0386206896551724,1.0
var_5155,25000.0,0.009118496231550272,0.018947472142388178,0.0,0.003375974321538475,0.0051037659529542,0.009568729207832576,1.0
var_5156,25000.0,0.012318645646449482,0.024163998050405953,0.0,0.0036314712091327747,0.0070409885483896,0.0123764181127162,1.0
var_5157,25000.0,0.008343831049618866,0.017874323125493842,0.0,0.0024713828368274,0.0049382654317669,0.007770917686825625,1.0
var_5158,25000.0,0.01332624315958372,0.02583520859556692,0.0,0.0065739469017108,0.0087963765507002,0.0098998128714235,1.0
var_5160,25000.0,0.010978558189565488,0.01727355226625032,0.0,0.003976215827028475,0.00677617849329965,0.0120352529566266,1.0
var_5161,25000.0,0.013351913101157496,0.01994512017336143,0.0,0.0050949843328796755,0.0082370475738381,0.01463979456137935,1.0
var_5162,25000.0,0.010742191628811825,0.017168734402144583,0.0,0.004234586631119849,0.0068755998523752,0.01154996792357495,1.0
var_5163,25000.0,0.026318717634335565,0.03389676105467129,0.0,0.015956437324676925,0.0190102021495187,0.0228326736717666,1.0
var_5165,25000.0,0.0016141574040447497,0.010780140712484869,0.0,3.999599919959984e-05,0.0001000200100044,0.0004001400640284,1.0
var_5166,25000.0,0.0014661761236215872,0.01307226781399617,0.0,3.665777307063956e-05,0.0001200467018027,0.0003335223593569,1.0
var_5167,25000.0,0.0009448840116350485,0.009687565646463177,0.0,3.067102610619891e-05,8.551906992987369e-05,0.0002193482968596,1.0
var_5168,25000.0,0.0020784988064599308,0.01652632737685911,0.0,0.0002313561396434,0.0003085005676672,0.000385644995691,1.0
var_5170,25000.0,0.010597332253315416,0.020628217868849708,0.0,0.002916235202298125,0.00555212151907215,0.01110707017692645,1.0
var_5171,25000.0,0.010117747129313312,0.018063809949602987,0.0,0.0029331775136694754,0.005320842602485,0.010674171678464276,1.0
var_5172,25000.0,0.016531959358790524,0.027589598724667517,0.0,0.004981659637605925,0.0089353877915291,0.017353842767097,1.0
var_5173,25000.0,0.01630626316216303,0.026784974091228504,0.0,0.008319397610931225,0.01038493629819745,0.013208402819397275,1.0
var_5175,25000.0,0.012758956211906229,0.01954750547379611,0.0,0.00393388799329615,0.0071926349823633,0.014348598418537075,1.0
var_5176,25000.0,0.00031571699311158,0.007193475639669252,0.0,1.1984794157358845e-05,2.1988795958159203e-05,7.200880496216098e-05,1.0
var_5177,25000.0,0.014598142477679129,0.02777687826871705,0.0,0.0044079077314651,0.0074081852571362,0.0129086940542,1.0
var_5178,25000.0,0.06937790782735913,0.05527615009220252,0.0,0.0329188002926115,0.0570592538405267,0.091441111923921,1.0
var_5179,25000.0,0.019550212309684067,0.024926813292159507,0.0,0.008149733064818926,0.0128247212131433,0.02198801096478465,1.0
var_5180,25000.0,0.015743342664618448,0.02515205303674996,0.0,0.0,0.0,0.0247933576210048,1.0
var_5181,25000.0,0.014519594603153546,0.03332930239142241,0.0,0.0,0.0,0.0,1.0
var_5182,25000.0,0.010914576465640624,0.01959656010642212,0.0,0.0,0.0,0.017389492781156098,1.0
var_5183,25000.0,0.0240731257146991,0.043018784738987174,0.0,0.0,0.0,0.0388476228863169,1.0
var_5184,25000.0,0.015818416947236184,0.03878658849315591,0.0,0.0,0.0,0.0,1.0
var_5185,25000.0,0.000327748849188141,0.011773993578613303,0.0,0.0,0.0,0.0,1.0
var_5186,25000.0,0.015743342664618448,0.02515205303674996,0.0,0.0,0.0,0.0247933576210048,1.0
var_5187,25000.0,0.0054489172521859815,0.01477411782930517,0.0,0.0,0.0014481948375819,0.005360284306565975,1.0
var_5188,25000.0,0.003529002286286795,0.012051946673321016,0.0,0.0,0.0006539429448331,0.00340420414498845,1.0
var_5189,25000.0,0.0035427799511087705,0.011717412211844797,0.0,0.0,0.0007413570837233,0.003331652284079725,1.0
var_5190,25000.0,0.011725703062406185,0.03207386957313063,0.0,0.0,0.00204440173578405,0.01087445418782695,1.0
var_5191,25000.0,0.005551682969824309,0.021658963107546985,0.0,0.0,0.0,0.0032567648643373,1.0
var_5192,25000.0,0.005469171731226235,0.014779434071036008,0.0,0.0,0.0014585968266367,0.005411046946013875,1.0
var_5193,25000.0,0.0015907348563951114,0.013988258619790073,0.0,0.0,0.0,0.0,1.0
var_5194,25000.0,0.0010466831174285674,0.012902904983592249,0.0,0.0,0.0,0.0,1.0
var_5195,25000.0,0.0009953326519326602,0.011357849422559959,0.0,0.0,0.0,0.0,1.0
var_5196,25000.0,0.0010910859808173773,0.011588776124918664,0.0,0.0,0.0,0.0,1.0
var_5197,25000.0,0.001586489565384255,0.01895933464157955,0.0,0.0,0.0,0.0,1.0
var_5198,25000.0,0.0015896555197700746,0.013986959777569226,0.0,0.0,0.0,0.0,1.0
var_5199,25000.0,0.016333358983459615,0.02399638119174312,0.0,0.00529810654519755,0.0094293435848497,0.0183610373433531,1.0
var_5200,25000.0,0.013495196962432008,0.02621088770746142,0.0,0.003678163464141925,0.00701890729760935,0.0138151828872263,1.0
var_5201,25000.0,0.01458165604102482,0.02544644830660388,0.0,0.00429178162635755,0.0076856659283409,0.015143116184990875,1.0
var_5202,25000.0,0.016968327861271428,0.029094080661362803,0.0,0.005268627803546425,0.0091893013238925,0.0175385035755164,1.0
var_5203,25000.0,0.01826465632113065,0.030337434124578618,0.0,0.009346910004607575,0.0116217904437423,0.014540677517452475,1.0
var_5204,25000.0,0.016278986418696045,0.023932700661373204,0.0,0.005267681862419025,0.00938828665916235,0.018320165040703777,1.0
var_5205,25000.0,0.16677919026370494,0.01635246877722888,0.0,0.16187575100410315,0.16321047569511177,0.1667592265106677,1.0
var_5206,25000.0,0.2852063410080412,0.012152572455645523,0.0,0.28307475270937554,0.2839556765647747,0.2859591252889207,1.0
var_5207,25000.0,0.23747935718407592,0.013899536064858964,0.0,0.23431948701705835,0.23537649132851962,0.23788861606915557,1.0
var_5208,25000.0,0.2656705622053645,0.017525469545310732,0.0,0.26115890356039184,0.2626121929838542,0.26586184999749685,1.0
var_5209,25000.0,0.40666558457258667,0.016124363518011064,0.0,0.40364287767043316,0.4044185501141272,0.4054587879015038,1.0
var_5210,25000.0,0.1666793205028876,0.01636725073813204,0.0,0.16173664385233605,0.16310132622707513,0.166646520815214,1.0
var_5213,25000.0,inf,,0.0,0.0006311203086855749,,,inf
var_5214,25000.0,0.024669055325685762,0.026370981345247,0.0,0.0100662302516631,0.0169683942917823,0.0296108745022146,1.0
var_5215,25000.0,0.07592948236677267,0.04233279226069113,0.0,0.04770889753648975,0.0694429990817173,0.09667253372791125,1.0
var_5216,25000.0,0.04339387651307202,0.04301023757703995,0.0,0.020658136842148324,0.031713333944411295,0.0507386229965994,1.0
var_5221,25000.0,0.0031790295936667415,0.011521105317125444,0.0,0.0013404191497263251,0.0015174083328054,0.001747236349162675,1.0
var_5224,25000.0,0.007106261891683227,0.011953712426825904,0.0,0.005781760008443825,0.0061177246430984,0.006438704168352825,1.0
var_5231,25000.0,0.1852209448277038,0.020389570389215038,0.0,0.17806931816420035,0.1807343004028043,0.18620706149838057,1.0
var_5236,25000.0,0.007122973202862106,0.019256203016170426,0.0,0.003261784550316125,0.00386485854229475,0.00451682812893295,1.0
var_5246,25000.0,0.04123658042036012,0.03635913558693506,0.0,0.021167734235829027,0.0314817705587523,0.04940793464114455,1.0
var_5248,25000.0,0.08950487871710389,0.10485381363725116,0.0,0.0,0.0,0.18925030822835323,1.0
var_5254,25000.0,0.07865932519741561,0.061363345485382165,0.0,0.037329504666188,0.0653266331658291,0.1026561378320172,1.0
var_5255,25000.0,0.041666275510204034,0.042280317710877306,0.0,0.0165816326530612,0.0306122448979591,0.0535714285714285,1.0
var_5256,25000.0,0.012667434965891518,0.019478330623802016,0.0,0.0041343035496923496,0.00725920624886805,0.013977688400555676,1.0
var_5257,25000.0,0.07683045364891515,0.057334171655685745,0.0,0.0374753451676528,0.0650887573964497,0.1005917159763313,1.0
var_5258,25000.0,0.01287335500959161,0.019675861597293075,0.0,0.0041250709665683755,0.0073805941367851,0.014431672093985925,1.0
var_5259,25000.0,0.013191052631578932,0.03592358726278491,0.0,0.0,0.0,0.0131578947368421,1.0
var_5260,25000.0,0.0011211564556568513,0.007240898059357238,0.0,0.0,0.0,0.0007784791526964251,1.0
var_5261,25000.0,0.0063663333333333245,0.02064637890571798,0.0,0.0,0.0,0.0,1.0
var_5262,25000.0,0.003001729638022452,0.01549614527298564,0.0,0.0,0.0,0.0,1.0
var_5263,25000.0,0.006436999999999999,0.03405196635227543,0.0,0.0,0.0,0.0,1.0
var_5264,25000.0,0.005648673642779165,0.03066816051234432,0.0,0.0,0.0,0.0,1.0
var_5265,25000.0,0.013435862068965512,0.04182005936172287,0.0,0.0,0.0,0.0,1.0
var_5266,25000.0,0.001482744232762826,0.009248258453930455,0.0,0.0,0.0,0.0,1.0
var_5267,25000.0,0.02440658227848099,0.0372291786108286,0.0,0.0,0.0126582278481012,0.0379746835443038,1.0
var_5268,25000.0,0.0029076096516210976,0.014895062578181005,0.0,0.0,0.0003556796892806,0.0015037796718402,1.0
var_5269,25000.0,0.0047645161290322535,0.020084893107070487,0.0,0.0,0.0,0.0,1.0
var_5270,25000.0,0.0011904052143999996,0.014907211867811765,0.0,0.0,0.0,0.0,1.0
var_5271,25000.0,0.004150434782608695,0.021235333213903255,0.0,0.0,0.0,0.0,1.0
var_5272,25000.0,0.0005766589609317053,0.00803381512676678,0.0,0.0,0.0,0.0,1.0
var_5273,25000.0,0.01773059459459458,0.02688513015716033,0.0,0.0,0.0054054054054054,0.027027027027027,1.0
var_5274,25000.0,0.009155738846332442,0.022370029148678215,0.0,0.0,0.0019440652911425,0.010538023255155375,1.0
var_5275,25000.0,0.009614157303370759,0.02180234682234013,0.0,0.0,0.0028089887640449,0.0112359550561797,1.0
var_5276,25000.0,0.002885768506851108,0.011660555942040504,0.0,0.0,3.418336763020727e-05,0.001940017866331425,1.0
var_5277,25000.0,0.0094872,0.02814122799929904,0.0,0.0,0.0,0.0,1.0
var_5278,25000.0,0.004740804267163466,0.02196703677897389,0.0,0.0,0.0,0.0,1.0
var_5279,25000.0,0.06908235294117648,0.08209839981966116,0.0,0.0,0.0,0.1176470588235294,1.0
var_5280,25000.0,0.014752512421249635,0.023249006951177865,0.0,0.0,0.0,0.023660659267763475,1.0
var_5281,25000.0,0.004283720930232555,0.03126279204449644,0.0,0.0,0.0,0.0,1.0
var_5282,25000.0,0.000935216818694322,0.011410857689123486,0.0,0.0,0.0,0.0,1.0
var_5283,25000.0,0.0035545454545454526,0.026426972538371882,0.0,0.0,0.0,0.0,1.0
var_5284,25000.0,0.0016196440796489417,0.019978695135161144,0.0,0.0,0.0,0.0,1.0
var_5285,25000.0,0.0029913043478260863,0.026109446278149876,0.0,0.0,0.0,0.0,1.0
var_5286,25000.0,0.0003529250253669937,0.007987066711558832,0.0,0.0,0.0,0.0,1.0
var_5287,25000.0,0.0013246511627906963,0.015890694080225785,0.0,0.0,0.0,0.0,1.0
var_5288,25000.0,0.0007175923343528343,0.012308703662288414,0.0,0.0,0.0,0.0,1.0
var_5289,25000.0,0.0019122807017543854,0.011149052468564518,0.0,0.0,0.0,0.0,1.0
var_5290,25000.0,0.003923238723404251,0.022572767587852545,0.0,0.0,0.0,0.0,1.0
var_5291,25000.0,0.006593846153846147,0.03568464331541949,0.0,0.0,0.0,0.0,1.0
var_5292,25000.0,0.0012054738453833001,0.012230669953764728,0.0,0.0,0.0,0.0,1.0
var_5293,25000.0,0.0024242857142857126,0.018824627626501826,0.0,0.0,0.0,0.0,1.0
var_5294,25000.0,0.0011451426578073074,0.012557975735186163,0.0,0.0,0.0,0.0,1.0
var_5295,25000.0,0.0008139917695473238,0.010617843354690548,0.0,0.0,0.0,0.0,1.0
var_5296,25000.0,0.000384198261329535,0.009439834463353662,0.0,0.0,0.0,0.0,1.0
var_5297,25000.0,0.00146372881355932,0.014587023803647617,0.0,0.0,0.0,0.0,1.0
var_5298,25000.0,0.0004937900657882336,0.010638459612959521,0.0,0.0,0.0,0.0,1.0
var_5299,25000.0,0.000858297661835748,0.011626121122735839,0.0,0.0,0.0,0.0,1.0
var_5300,25000.0,0.0022844444444444422,0.013886449199257012,0.0,0.0,0.0,0.0,1.0
var_5301,25000.0,0.00045876227276190164,0.013848029364650358,0.0,0.0,0.0,0.0,1.0
var_5302,25000.0,0.045753999999999975,0.05872562667087924,0.0,0.0,0.0285714285714285,0.0642857142857142,1.0
var_5303,25000.0,0.01671541904022219,0.03510492049850567,0.0,0.0,0.0062777777777777,0.0194444444444444,1.0
var_5304,25000.0,0.01089333333333333,0.032929802019481404,0.0,0.0,0.0,0.0,1.0
var_5305,25000.0,0.0006159285699208348,0.011240581383195607,0.0,0.0,0.0,0.0,1.0
var_5308,25000.0,0.010519444444444427,0.03203260181435449,0.0,0.0,0.0,0.0,1.0
var_5309,25000.0,0.002904076858111783,0.01275290051074054,0.0,0.0,0.0,0.0,1.0
var_5310,25000.0,0.005075517241379303,0.015367981323734424,0.0,0.0,0.0,0.0043103448275862,1.0
var_5311,25000.0,0.0005456461290336526,0.00799277086087169,0.0,0.0,0.0,0.000181727020163475,1.0
var_5312,25000.0,0.006864000000000001,0.02994650857337178,0.0,0.0,0.0,0.0,1.0
var_5313,25000.0,0.001020908265777181,0.012043258539655067,0.0,0.0,0.0,0.0,1.0
var_5314,25000.0,0.011715999999999999,0.034870961893233375,0.0,0.0,0.0,0.0,1.0
var_5315,25000.0,0.0007818782919141997,0.007661132622888524,0.0,0.0,0.0,0.0,1.0
var_5316,25000.0,0.0013073684210526313,0.014780586301870466,0.0,0.0,0.0,0.0,1.0
var_5317,25000.0,0.00024523694719999993,0.00896330667551079,0.0,0.0,0.0,0.0,1.0
var_5318,25000.0,0.0099727659574468,0.03162127282485745,0.0,0.0,0.0,0.0,1.0
var_5319,25000.0,0.002775723429946425,0.01777948583012693,0.0,0.0,0.0,0.0,1.0
var_5320,25000.0,0.009065714285714283,0.03051585522520016,0.0,0.0,0.0,0.0,1.0
var_5321,25000.0,0.0008531436259999986,0.007137859291174384,0.0,0.0,0.0,0.0,1.0
var_5322,25000.0,0.01704844412510323,0.025203289823327674,0.0,0.00570510035344795,0.0099272363558496,0.019055310943826724,1.0
var_5323,25000.0,0.005163657735331267,0.013829403670181675,0.0,0.0,0.00145294657461845,0.0052204329032780996,1.0
var_5324,25000.0,0.0015118653758553202,0.014048629435685312,0.0,0.0,0.0,0.0,1.0
var_5326,25000.0,0.12180899253856088,0.01644415863674644,0.0,0.11705217004190947,0.11848143090253825,0.12191919344120494,1.0
var_5327,25000.0,0.0017679999999999998,0.01815178656480457,0.0,0.0,0.0,0.0,1.0
var_5328,25000.0,0.23153230360692975,0.028543546551184122,0.0,0.22010256854542304,0.2232772206563006,0.23097587468501699,1.0
var_5329,25000.0,0.37677911752310383,0.013650172605697165,0.0,0.3767765812843936,0.3767800544845392,0.376803929211075,1.0
var_5330,25000.0,0.020151085355692436,0.03653198315559319,0.0,0.0058289226466493,0.0099328625741655,0.0187441396871786,1.0
var_5331,25000.0,0.004110895219676672,0.026030004018103334,0.0,0.0001619615754022,0.0003240203860908,0.0009722556288453,1.0
var_5332,25000.0,0.01303522670787042,0.025297598863998395,0.0,0.0039078614771866,0.006629313211471999,0.0124086477999214,1.0
var_5333,25000.0,0.0003523372003268696,0.007294399970420562,0.0,1.598639487767899e-05,2.9991997398799485e-05,8.001200640280127e-05,1.0
var_5342,25000.0,0.0051871478821575645,0.021367455537157534,0.0,0.0011167088569474,0.0012976994336815,0.00185110138368745,1.0
var_5343,25000.0,0.0014486930169664825,0.012811094606544221,0.0,0.00029256773851995,0.0003120264080246,0.0004776986142488,1.0
var_5348,25000.0,0.006548232073292449,0.016768355810272036,0.0,0.003925909970795825,0.0044757247876828,0.005229915495829425,1.0
var_5349,25000.0,0.003182045432379082,0.00973315631886896,0.0,0.0019144250041569,0.0022488676586921,0.0026612772570658748,1.0
var_5350,25000.0,0.01254567550752141,0.02061635622501359,0.0,0.007814693074723,0.0081676312055867,0.0081676312055867,1.0
var_5351,25000.0,0.006184914665949057,0.021075788728818264,0.0,0.0021063500643424,0.0022568165374932,0.0024072830106439,1.0
var_5378,25000.0,0.010783747051315342,0.029221415321991,0.0,0.0047014104231269,0.0082024607382214,0.0097029108732619,1.0
var_5379,25000.0,0.001840624493052833,0.012417373578407415,0.0,0.000331185443844,0.000331185443844,0.0008868657187502,1.0
var_5398,25000.0,0.3476013164081639,0.016033495151157505,0.0,0.34396738360287227,0.34509106805419654,0.3474650970283158,1.0
var_5399,25000.0,0.06616,0.24856654202251863,0.0,0.0,0.0,0.0,1.0
var_5400,25000.0,0.01796,0.1328086741359804,0.0,0.0,0.0,0.0,1.0
var_5419,25000.0,0.024809444444444398,0.034906556321138225,0.0,0.0046296296296296,0.0138888888888888,0.0324074074074074,1.0
var_5420,25000.0,0.0382553554502369,0.048008074560040206,0.0,0.0094786729857819,0.0236966824644549,0.0473933649289099,1.0
var_5421,25000.0,0.03453981651376144,0.04355435505928467,0.0,0.0091743119266055,0.0229357798165137,0.0412844036697247,1.0
var_5422,25000.0,0.027407166666666635,0.03100954577195085,0.0,0.0166666666666666,0.0208333333333333,0.025,1.0
var_5424,25000.0,0.05272851063829784,0.057662312427661226,0.0,0.0174081237911025,0.0367504835589942,0.0676982591876208,1.0
var_5425,25000.0,0.012564200000000001,0.021838840531452908,0.0,0.0,0.005,0.015,1.0
var_5426,25000.0,0.0396689795918367,0.05895516448788634,0.0,0.010204081632653,0.0204081632653061,0.0510204081632653,1.0
var_5427,25000.0,0.0372758333333333,0.055404772865740116,0.0,0.0104166666666666,0.0208333333333333,0.0416666666666666,1.0
var_5428,25000.0,0.02897245283018861,0.04162831013446299,0.0,0.0188679245283018,0.0188679245283018,0.0283018867924528,1.0
var_5430,25000.0,0.03248733944954125,0.03901415654973159,0.0,0.0114678899082568,0.0206422018348623,0.0389908256880734,1.0
var_5431,25000.0,0.008363756906077319,0.016605799164880662,0.0,0.0,0.005524861878453,0.005524861878453,1.0
var_5432,25000.0,0.025751363636363604,0.0452108428661976,0.0,0.0,0.0113636363636363,0.034090909090909,1.0
var_5433,25000.0,0.027213684210526307,0.04800240152952355,0.0,0.0,0.0131578947368421,0.0263157894736842,1.0
var_5434,25000.0,0.01861591397849461,0.03224470917722399,0.0,0.010752688172043,0.010752688172043,0.010752688172043,1.0
var_5436,25000.0,0.02421358490566034,0.031562194116794395,0.0,0.0080862533692722,0.013477088948787,0.0296495956873315,1.0
var_5449,25000.0,0.04278871794871791,0.04711538447416921,0.0,0.0128205128205128,0.0299145299145299,0.0555555555555555,1.0
var_5450,25000.0,0.051668571428571376,0.049883823389609686,0.0,0.0209059233449477,0.0383275261324041,0.0662020905923344,1.0
var_5451,25000.0,0.04171539823008845,0.03984106972761458,0.0,0.0176991150442477,0.0324483775811209,0.0530973451327433,1.0
var_5452,25000.0,0.0472837818181818,0.04067805406468271,0.0,0.0327272727272727,0.04,0.0472727272727272,1.0
var_5454,25000.0,0.0681966480446927,0.059795701437974164,0.0,0.0293296089385474,0.0516759776536312,0.0879888268156424,1.0
var_5455,25000.0,0.03706970297029703,0.05506246873930298,0.0,0.0099009900990099,0.0198019801980198,0.0396039603960396,1.0
var_5456,25000.0,0.03283095238095234,0.04538987795480332,0.0,0.0059523809523809,0.0178571428571428,0.0416666666666666,1.0
var_5457,25000.0,0.031765153374233086,0.0432101703185057,0.0,0.0061349693251533,0.0184049079754601,0.0368098159509202,1.0
var_5458,25000.0,0.038593846153846104,0.048760831522949175,0.0,0.0256410256410256,0.0256410256410256,0.0341880341880341,1.0
var_5460,25000.0,0.0446131468531468,0.05188052575285499,0.0,0.0139860139860139,0.0279720279720279,0.0559440559440559,1.0
var_5461,25000.0,0.02330526315789473,0.04271286935169903,0.0,0.0,0.0131578947368421,0.0263157894736842,1.0
var_5462,25000.0,0.017165369127516743,0.031831767933999,0.0,0.0067114093959731,0.0067114093959731,0.0201342281879194,1.0
var_5463,25000.0,0.023405490196078405,0.042550358818072495,0.0,0.0098039215686274,0.0098039215686274,0.0196078431372549,1.0
var_5466,25000.0,0.02441228346456685,0.03643658563234873,0.0,0.0052493438320209,0.0131233595800524,0.0288713910761154,1.0
target,25000.0,0.14684,0.3539534230955096,0.0,0.0,0.0,0.0,1.0
